id,titleFr,title,unit_name,unit_id
cmf43u42k00rlvj9tf6ihlx3n,"Assembler nos collections","Assembler nos collections","addition jusqua 10",cmf43u42j00rjvj9t481uo6wk
cmf43u42l00rnvj9tx6s1lzk7,"Histoires de 'plus'","Histoires de 'plus'","addition jusqua 10",cmf43u42j00rjvj9t481uo6wk
cmf43u42m00rpvj9txqqlpdff,"Compter pour additionner","Compter pour additionner","addition jusqua 10",cmf43u42j00rjvj9t481uo6wk
cmf43u42n00rrvj9t5hum0tdf,"Nos doigts calculateurs","Nos doigts calculateurs","addition jusqua 10",cmf43u42j00rjvj9t481uo6wk
cmf43u42o00rtvj9t83s9w916,"Dessiner nos additions","Dessiner nos additions","addition jusqua 10",cmf43u42j00rjvj9t481uo6wk
cmf43u42p00rvvj9tjm59ta1y,"Cadres de dix magiques","Cadres de dix magiques","addition jusqua 10",cmf43u42j00rjvj9t481uo6wk
cmf43u42p00rxvj9tnuuape5w,"Stratégie des doubles","Stratégie des doubles","addition jusqua 10",cmf43u42j00rjvj9t481uo6wk
cmf43u42q00rzvj9tpon3ye1p,"Compter en avant intelligemment","Compter en avant intelligemment","addition jusqua 10",cmf43u42j00rjvj9t481uo6wk
cmf43u42r00s1vj9tbb0n66l4,"Faire 10 - notre ancrage","Faire 10 - notre ancrage","addition jusqua 10",cmf43u42j00rjvj9t481uo6wk
cmf43u42s00s3vj9t94raybzm,"Vérifier nos réponses","Vérifier nos réponses","addition jusqua 10",cmf43u42j00rjvj9t481uo6wk
cmf43u42t00s5vj9ti8vk0e8p,"Découvrir les symboles + et =","Découvrir les symboles + et =","addition jusqua 10",cmf43u42j00rjvj9t481uo6wk
cmf43u42u00s7vj9t1hzq19sj,"Écrire nos équations","Écrire nos équations","addition jusqua 10",cmf43u42j00rjvj9t481uo6wk
cmf43u42v00s9vj9tez08u4nf,"Problèmes de la vraie vie","Problèmes de la vraie vie","addition jusqua 10",cmf43u42j00rjvj9t481uo6wk
cmf43u42w00sbvj9tov3m07wo,"Portfolio d'addition - démonstration","Portfolio d'addition - démonstration","addition jusqua 10",cmf43u42j00rjvj9t481uo6wk
cmf43u42x00sdvj9tniprs20d,"Art mathématique avec addition","Art mathématique avec addition","addition jusqua 10",cmf43u42j00rjvj9t481uo6wk
cmf43u42y00sfvj9t1oikvrtr,"Jeux d'addition amusants","Jeux d'addition amusants","addition jusqua 10",cmf43u42j00rjvj9t481uo6wk
cmf43u42z00shvj9t5p2qry87,"Histoires d'addition créatives","Histoires d'addition créatives","addition jusqua 10",cmf43u42j00rjvj9t481uo6wk
cmf43u43000sjvj9tt0y3o2ef,"Addition avec argent de jeu","Addition avec argent de jeu","addition jusqua 10",cmf43u42j00rjvj9t481uo6wk
cmf43u43100slvj9t5xgxmfrq,"Enquête mathématique - collecte de données","Enquête mathématique - collecte de données","addition jusqua 10",cmf43u42j00rjvj9t481uo6wk
cmf43u43200snvj9t98ej6fnk,"Grande célébration de l'addition","Grande célébration de l'addition","addition jusqua 10",cmf43u42j00rjvj9t481uo6wk
cmf43u3uj00a5vj9t37u7ek2t,"Qu'est-ce qu'un ami?","Qu'est-ce qu'un ami?",amities,cmf43u3ui00a3vj9to9pgq6bi
cmf43u3uj00a7vj9ticmaznoy,"Mes qualités d'ami","Mes qualités d'ami",amities,cmf43u3ui00a3vj9to9pgq6bi
cmf43u3uk00a9vj9tyi4q168t,"Comment faire des amis","Comment faire des amis",amities,cmf43u3ui00a3vj9to9pgq6bi
cmf43u3ul00abvj9te21qvvv9,"Partager c'est important","Partager c'est important",amities,cmf43u3ui00a3vj9to9pgq6bi
cmf43u3um00advj9tkc1h9ehj,"Jouer ensemble","Jouer ensemble",amities,cmf43u3ui00a3vj9to9pgq6bi
cmf43u3un00afvj9t07s6glrh,"Quand les amis sont différents","Quand les amis sont différents",amities,cmf43u3ui00a3vj9to9pgq6bi
cmf43u3uo00ahvj9t5eiyb0af,"Inclure tout le monde","Inclure tout le monde",amities,cmf43u3ui00a3vj9to9pgq6bi
cmf43u3up00ajvj9toiy88dd2,"Les sentiments des amis","Les sentiments des amis",amities,cmf43u3ui00a3vj9to9pgq6bi
cmf43u3up00alvj9t2paollg3,"Aider un ami triste","Aider un ami triste",amities,cmf43u3ui00a3vj9to9pgq6bi
cmf43u3uq00anvj9tch2zdoxy,"Résoudre les petits problèmes","Résoudre les petits problèmes",amities,cmf43u3ui00a3vj9to9pgq6bi
cmf43u3ur00apvj9tq5wzo0lc,"Dire 'je suis désolé'","Dire 'je suis désolé'",amities,cmf43u3ui00a3vj9to9pgq6bi
cmf43u3us00arvj9ttczprp0b,"Pardonner aux amis","Pardonner aux amis",amities,cmf43u3ui00a3vj9to9pgq6bi
cmf43u3ut00atvj9tt53g1hz7,"Mon portfolio d'amitié","Mon portfolio d'amitié",amities,cmf43u3ui00a3vj9to9pgq6bi
cmf43u3uu00avvj9tvunnjdd4,"Célébrer l'amitié - Jeux coopératifs","Célébrer l'amitié - Jeux coopératifs",amities,cmf43u3ui00a3vj9to9pgq6bi
cmf43u3uv00axvj9tnpxa50y9,"Théâtre de l'amitié","Théâtre de l'amitié",amities,cmf43u3ui00a3vj9to9pgq6bi
cmf43u3uv00azvj9tye0se9uq,"Créer un livre d'amitié","Créer un livre d'amitié",amities,cmf43u3ui00a3vj9to9pgq6bi
cmf43u3uw00b1vj9tem6dhta0,"Amitié et familles diverses","Amitié et familles diverses",amities,cmf43u3ui00a3vj9to9pgq6bi
cmf43u3ux00b3vj9tzjq5f8xh,"Amis dans la communauté","Amis dans la communauté",amities,cmf43u3ui00a3vj9to9pgq6bi
cmf43u3uy00b5vj9tr493rby8,"Célébration finale de l'amitié","Célébration finale de l'amitié",amities,cmf43u3ui00a3vj9to9pgq6bi
cmf43u3q60003vj9tacfr994y,"Le réveil du printemps","Le réveil du printemps","art environnemental printanier",cmf43u3q40001vj9tnpwt7o75
cmf43u3q70005vj9t287dbfkn,"Collection de trésors naturels","Collection de trésors naturels","art environnemental printanier",cmf43u3q40001vj9tnpwt7o75
cmf43u3q80007vj9tq9ueoken,"Art éphémère dehors","Art éphémère dehors","art environnemental printanier",cmf43u3q40001vj9tnpwt7o75
cmf43u3q90009vj9t5rfup3cx,"Land art miniature","Land art miniature","art environnemental printanier",cmf43u3q40001vj9tnpwt7o75
cmf43u3qa000bvj9t45wpeeuv,"Couleurs de printemps","Couleurs de printemps","art environnemental printanier",cmf43u3q40001vj9tnpwt7o75
cmf43u3qc000dvj9tlcigvf1j,"Textures naturelles","Textures naturelles","art environnemental printanier",cmf43u3q40001vj9tnpwt7o75
cmf43u3qd000fvj9t0c1q82cg,"Empreintes de nature","Empreintes de nature","art environnemental printanier",cmf43u3q40001vj9tnpwt7o75
cmf43u3qe000hvj9t3xyt6jcn,"Jardin artistique","Jardin artistique","art environnemental printanier",cmf43u3q40001vj9tnpwt7o75
cmf43u3qe000jvj9tcxm3rpi0,"Mobile de printemps","Mobile de printemps","art environnemental printanier",cmf43u3q40001vj9tnpwt7o75
cmf43u3qf000lvj9t6mk52omm,"Photographie nature","Photographie nature","art environnemental printanier",cmf43u3q40001vj9tnpwt7o75
cmf43u3qg000nvj9tufpmimbz,"Art avec les saisons","Art avec les saisons","art environnemental printanier",cmf43u3q40001vj9tnpwt7o75
cmf43u3qh000pvj9tdnj2ncom,"Installation collaborative","Installation collaborative","art environnemental printanier",cmf43u3q40001vj9tnpwt7o75
cmf43u3qi000rvj9t9azo12x1,"Respect pour l'environnement","Respect pour l'environnement","art environnemental printanier",cmf43u3q40001vj9tnpwt7o75
cmf43u3qj000tvj9tky2naeb0,"Art et météo","Art et météo","art environnemental printanier",cmf43u3q40001vj9tnpwt7o75
cmf43u3qk000vvj9ttp0sa3om,"Expo nature printemps","Expo nature printemps","art environnemental printanier",cmf43u3q40001vj9tnpwt7o75
cmf43u3ql000xvj9tivzukv9m,"Art en mouvement naturel","Art en mouvement naturel","art environnemental printanier",cmf43u3q40001vj9tnpwt7o75
cmf43u3qm000zvj9tl4g8oiow,"Sculptures éphémères","Sculptures éphémères","art environnemental printanier",cmf43u3q40001vj9tnpwt7o75
cmf43u3qn0011vj9t7j2wvhdy,"Cartes de la nature","Cartes de la nature","art environnemental printanier",cmf43u3q40001vj9tnpwt7o75
cmf43u3qn0013vj9tq0rut4ki,"Art de gratitude nature","Art de gratitude nature","art environnemental printanier",cmf43u3q40001vj9tnpwt7o75
cmf43u3qo0015vj9txff8fyhx,"Célébration de l'art environnemental","Célébration de l'art environnemental","art environnemental printanier",cmf43u3q40001vj9tnpwt7o75
cmf43u3qq0019vj9t18ust00m,"Découverte des lignes","Découverte des lignes","aventure lignes formes",cmf43u3qq0017vj9t80hxfa4y
cmf43u3qr001bvj9t90584xj4,"Lignes avec le corps","Lignes avec le corps","aventure lignes formes",cmf43u3qq0017vj9t80hxfa4y
cmf43u3qs001dvj9tyne05xlp,"Lignes émotionnelles","Lignes émotionnelles","aventure lignes formes",cmf43u3qq0017vj9t80hxfa4y
cmf43u3qt001fvj9twjdbpxpv,"Chasse aux formes","Chasse aux formes","aventure lignes formes",cmf43u3qq0017vj9t80hxfa4y
cmf43u3qu001hvj9txamj3j15,"Création de lignes libres","Création de lignes libres","aventure lignes formes",cmf43u3qq0017vj9t80hxfa4y
cmf43u3qu001jvj9t0yzzok8x,"Formes avec les mains","Formes avec les mains","aventure lignes formes",cmf43u3qq0017vj9t80hxfa4y
cmf43u3qv001lvj9tasga9wiz,"Lignes racontent des histoires","Lignes racontent des histoires","aventure lignes formes",cmf43u3qq0017vj9t80hxfa4y
cmf43u3qw001nvj9tlai39mzu,"Motifs avec des formes","Motifs avec des formes","aventure lignes formes",cmf43u3qq0017vj9t80hxfa4y
cmf43u3qy001pvj9t4gbby9ui,"Lignes et nature","Lignes et nature","aventure lignes formes",cmf43u3qq0017vj9t80hxfa4y
cmf43u3qz001rvj9tg3cywbtm,"Formes géométriques composées","Formes géométriques composées","aventure lignes formes",cmf43u3qq0017vj9t80hxfa4y
cmf43u3r0001tvj9temdd0h42,"Cultures et motifs","Cultures et motifs","aventure lignes formes",cmf43u3qq0017vj9t80hxfa4y
cmf43u3r1001vvj9tzqacnvls,"Expression personnelle","Expression personnelle","aventure lignes formes",cmf43u3qq0017vj9t80hxfa4y
cmf43u3r2001xvj9tl38no796,"Critique et appréciation","Critique et appréciation","aventure lignes formes",cmf43u3qq0017vj9t80hxfa4y
cmf43u3r3001zvj9tmhtzul2e,"Portfolio et réflexion","Portfolio et réflexion","aventure lignes formes",cmf43u3qq0017vj9t80hxfa4y
cmf43u3r30021vj9tccncwgeb,"Lignes dans l'espace","Lignes dans l'espace","aventure lignes formes",cmf43u3qq0017vj9t80hxfa4y
cmf43u3r40023vj9tq3k4yj1p,"Formes en collage","Formes en collage","aventure lignes formes",cmf43u3qq0017vj9t80hxfa4y
cmf43u3r50025vj9tl488vcp8,"Lignes de mouvement","Lignes de mouvement","aventure lignes formes",cmf43u3qq0017vj9t80hxfa4y
cmf43u3r60027vj9to26pxkxb,"Motifs personnalisés","Motifs personnalisés","aventure lignes formes",cmf43u3qq0017vj9t80hxfa4y
cmf43u3r70029vj9tcvnxpm6y,"Collaborations créatives","Collaborations créatives","aventure lignes formes",cmf43u3qq0017vj9t80hxfa4y
cmf43u3r8002bvj9todp9zp0a,"Galerie d'exposition","Galerie d'exposition","aventure lignes formes",cmf43u3qq0017vj9t80hxfa4y
cmf43u3x500fxvj9tc5ivpb1v,"Bonjour, mes amis!","Bonjour, mes amis!",bienvenue,cmf43u3x400fvvj9t0vmys8nr
cmf43u3x600fzvj9t7krzc6dw,"Je m'appelle...","Je m'appelle...",bienvenue,cmf43u3x400fvvj9t0vmys8nr
cmf43u3x700g1vj9tvqks78qc,"Les couleurs magiques","Les couleurs magiques",bienvenue,cmf43u3x400fvvj9t0vmys8nr
cmf43u3x700g3vj9t7kdtn4en,"Mes premiers nombres","Mes premiers nombres",bienvenue,cmf43u3x400fvvj9t0vmys8nr
cmf43u3x800g5vj9tra4ty9ic,"Ma famille française","Ma famille française",bienvenue,cmf43u3x400fvvj9t0vmys8nr
cmf43u3x900g7vj9t1knq3ggs,"Les animaux amusants","Les animaux amusants",bienvenue,cmf43u3x400fvvj9t0vmys8nr
cmf43u3xb00gbvj9t0n68d0x0,"Les objets de classe","Les objets de classe",bienvenue,cmf43u3x400fvvj9t0vmys8nr
cmf43u3xc00gdvj9tvheuouei,"J'aime et je n'aime pas","J'aime et je n'aime pas",bienvenue,cmf43u3x400fvvj9t0vmys8nr
cmf43u3xc00gfvj9tll4bmk4d,"Les actions quotidiennes","Les actions quotidiennes",bienvenue,cmf43u3x400fvvj9t0vmys8nr
cmf43u3xd00ghvj9ta6bzu3sy,"Les saisons et météo","Les saisons et météo",bienvenue,cmf43u3x400fvvj9t0vmys8nr
cmf43u3xe00gjvj9tosvjrmky,"Mes émotions en français","Mes émotions en français",bienvenue,cmf43u3x400fvvj9t0vmys8nr
cmf43u3xf00glvj9tbuhpcn2q,"Notre routine française","Notre routine française",bienvenue,cmf43u3x400fvvj9t0vmys8nr
cmf43u3xg00gnvj9t58l7l6th,"Ma petite présentation","Ma petite présentation",bienvenue,cmf43u3x400fvvj9t0vmys8nr
cmf43u3xg00gpvj9t4pftedn9,"Jeux et chansons françaises","Jeux et chansons françaises",bienvenue,cmf43u3x400fvvj9t0vmys8nr
cmf43u3xh00grvj9tdehdokya,"Histoires et images","Histoires et images",bienvenue,cmf43u3x400fvvj9t0vmys8nr
cmf43u3xi00gtvj9t9ibixu82,"Art et créativité française","Art et créativité française",bienvenue,cmf43u3x400fvvj9t0vmys8nr
cmf43u3xj00gvvj9tycx66711,"Cuisiner et goûter","Cuisiner et goûter",bienvenue,cmf43u3x400fvvj9t0vmys8nr
cmf43u3xk00gxvj9twajt22m1,"Musique et mouvement","Musique et mouvement",bienvenue,cmf43u3x400fvvj9t0vmys8nr
cmf43u3xl00gzvj9ti072hy0b,"Notre célébration française","Notre célébration française",bienvenue,cmf43u3x400fvvj9t0vmys8nr
cmf43u3xn00h3vj9tdv001bqi,"L'hiver arrive!","L'hiver arrive!","celebrations dhiver",cmf43u3xm00h1vj9teoqunlx5
cmf43u3xo00h5vj9tqyb21kyr,"Que porte-t-on en hiver?","Que porte-t-on en hiver?","celebrations dhiver",cmf43u3xm00h1vj9teoqunlx5
cmf43u3xo00h7vj9tkf2b57gm,"Activités d'hiver amusantes","Activités d'hiver amusantes","celebrations dhiver",cmf43u3xm00h1vj9teoqunlx5
cmf43u3xp00h9vj9t9xr968l5,"Animaux en hiver","Animaux en hiver","celebrations dhiver",cmf43u3xm00h1vj9teoqunlx5
cmf43u3xq00hbvj9tjoisikwn,"Célébrations autour du monde","Célébrations autour du monde","celebrations dhiver",cmf43u3xm00h1vj9teoqunlx5
cmf43u3xr00hdvj9tgjswbxaa,"Noël autour du monde","Noël autour du monde","celebrations dhiver",cmf43u3xm00h1vj9teoqunlx5
cmf43u3xs00hfvj9tnw2vz57f,"Hanoukka - Festival des lumières","Hanoukka - Festival des lumières","celebrations dhiver",cmf43u3xm00h1vj9teoqunlx5
cmf43u3xt00hhvj9tl8uyfxbd,"Kwanzaa - Célébration africaine-américaine","Kwanzaa - Célébration africaine-américaine","celebrations dhiver",cmf43u3xm00h1vj9teoqunlx5
cmf43u3xu00hjvj9tfdejne9q,"Diwali d'hiver et autres fêtes","Diwali d'hiver et autres fêtes","celebrations dhiver",cmf43u3xm00h1vj9teoqunlx5
cmf43u3xv00hlvj9tyvfm366e,"Nouvel An autour du monde","Nouvel An autour du monde","celebrations dhiver",cmf43u3xm00h1vj9teoqunlx5
cmf43u3xw00hnvj9tfhw56nq2,"Cuisine d'hiver réconfortante","Cuisine d'hiver réconfortante","celebrations dhiver",cmf43u3xm00h1vj9teoqunlx5
cmf43u3xw00hpvj9trw3g50pe,"Musique et chansons d'hiver","Musique et chansons d'hiver","celebrations dhiver",cmf43u3xm00h1vj9teoqunlx5
cmf43u3xx00hrvj9tqfklyfah,"Créons nos décorations","Créons nos décorations","celebrations dhiver",cmf43u3xm00h1vj9teoqunlx5
cmf43u3xy00htvj9tzm6hbxm3,"Notre festival d'hiver multiculturel","Notre festival d'hiver multiculturel","celebrations dhiver",cmf43u3xm00h1vj9teoqunlx5
cmf43u3xz00hvvj9t09vp9m1k,"Histoires d'hiver magiques","Histoires d'hiver magiques","celebrations dhiver",cmf43u3xm00h1vj9teoqunlx5
cmf43u3y000hxvj9tm8uj27y5,"Jeux d'hiver intérieurs","Jeux d'hiver intérieurs","celebrations dhiver",cmf43u3xm00h1vj9teoqunlx5
cmf43u3y100hzvj9t0zu1wg2d,"Cartes de vœux multiculturelles","Cartes de vœux multiculturelles","celebrations dhiver",cmf43u3xm00h1vj9teoqunlx5
cmf43u3y200i1vj9ths34xxmr,"Spectacle de talents d'hiver","Spectacle de talents d'hiver","celebrations dhiver",cmf43u3xm00h1vj9teoqunlx5
cmf43u3y200i3vj9tn3jj79ol,"Interview avec les familles","Interview avec les familles","celebrations dhiver",cmf43u3xm00h1vj9teoqunlx5
cmf43u3y300i5vj9tq97imur7,"Calendrier de célébrations d'hiver","Calendrier de célébrations d'hiver","celebrations dhiver",cmf43u3xm00h1vj9teoqunlx5
cmf43u4db01exvj9tdodwcsoq,"Bienvenue dans notre monde d'hiver","Bienvenue dans notre monde d'hiver","celebrations traditions hivernales",cmf43u4da01evvj9tgtunu3kz
cmf43u4dc01f1vj9tojcioxn6,"La magie de Hanouka","La magie de Hanouka","celebrations traditions hivernales",cmf43u4da01evvj9tgtunu3kz
cmf43u4dd01f3vj9tp51wjf58,"Kwanzaa et les valeurs communautaires","Kwanzaa et les valeurs communautaires","celebrations traditions hivernales",cmf43u4da01evvj9tgtunu3kz
cmf43u4de01f5vj9tuud6o1j6,"Le Nouvel An chinois","Le Nouvel An chinois","celebrations traditions hivernales",cmf43u4da01evvj9tgtunu3kz
cmf43u4df01f7vj9tl91arb9o,"Diwali, la fête des lumières","Diwali, la fête des lumières","celebrations traditions hivernales",cmf43u4da01evvj9tgtunu3kz
cmf43u4dg01f9vj9t6bwrjy47,"Las Posadas du Mexique","Las Posadas du Mexique","celebrations traditions hivernales",cmf43u4da01evvj9tgtunu3kz
cmf43u4dg01fbvj9tok6h5kh8,"Santa Lucia en Suède","Santa Lucia en Suède","celebrations traditions hivernales",cmf43u4da01evvj9tgtunu3kz
cmf43u4dh01fdvj9tcld50gmo,"Le solstice d'hiver","Le solstice d'hiver","celebrations traditions hivernales",cmf43u4da01evvj9tgtunu3kz
cmf43u4dj01fhvj9t59jc56fg,"Les aliments des fêtes","Les aliments des fêtes","celebrations traditions hivernales",cmf43u4da01evvj9tgtunu3kz
cmf43u4dk01fjvj9tj8o8yo5v,"Musiques et danses de fête","Musiques et danses de fête","celebrations traditions hivernales",cmf43u4da01evvj9tgtunu3kz
cmf43u4dl01flvj9te1srk1uy,"Décorations du monde","Décorations du monde","celebrations traditions hivernales",cmf43u4da01evvj9tgtunu3kz
cmf43u4dm01fnvj9t676lsau0,"Histoires d'hiver du monde","Histoires d'hiver du monde","celebrations traditions hivernales",cmf43u4da01evvj9tgtunu3kz
cmf43u4dm01fpvj9tuqylamek,"Cadeaux et générosité","Cadeaux et générosité","celebrations traditions hivernales",cmf43u4da01evvj9tgtunu3kz
cmf43u4dn01frvj9tjdcv4xsn,"Vêtements de fête","Vêtements de fête","celebrations traditions hivernales",cmf43u4da01evvj9tgtunu3kz
cmf43u4dp01ftvj9te3jwpbyi,"Symboles et significations","Symboles et significations","celebrations traditions hivernales",cmf43u4da01evvj9tgtunu3kz
cmf43u4dq01fvvj9tph7h5cpi,"Préparation de notre célébration","Préparation de notre célébration","celebrations traditions hivernales",cmf43u4da01evvj9tgtunu3kz
cmf43u4dr01fxvj9ttaj3v67v,"Notre célébration multiculturelle","Notre célébration multiculturelle","celebrations traditions hivernales",cmf43u4da01evvj9tgtunu3kz
cmf43u4ds01fzvj9tt5wl1u3s,"Réflexion et appréciation","Réflexion et appréciation","celebrations traditions hivernales",cmf43u4da01evvj9tgtunu3kz
cmf43u4840139vj9t194wvolf,"L'automne arrive - nos observations","L'automne arrive - nos observations","changements saisonniers",cmf43u4830137vj9twv4xd74j
cmf43u485013bvj9tvsdgv759,"Les feuilles commencent à changer","Les feuilles commencent à changer","changements saisonniers",cmf43u4830137vj9twv4xd74j
cmf43u486013dvj9tx6zezfjj,"Pourquoi les feuilles changent-elles?","Pourquoi les feuilles changent-elles?","changements saisonniers",cmf43u4830137vj9twv4xd74j
cmf43u487013fvj9to9of2ve6,"Collection de feuilles scientifiques","Collection de feuilles scientifiques","changements saisonniers",cmf43u4830137vj9twv4xd74j
cmf43u488013hvj9tn0jr7fqe,"Il fait plus froid - mesurer la température","Il fait plus froid - mesurer la température","changements saisonniers",cmf43u4830137vj9twv4xd74j
cmf43u489013jvj9tvsj9ny6k,"Les jours deviennent plus courts","Les jours deviennent plus courts","changements saisonniers",cmf43u4830137vj9twv4xd74j
cmf43u48a013lvj9tzlptm32e,"Les animaux se préparent pour l'hiver","Les animaux se préparent pour l'hiver","changements saisonniers",cmf43u4830137vj9twv4xd74j
cmf43u48b013nvj9t38zbshn6,"Les oiseaux et la migration","Les oiseaux et la migration","changements saisonniers",cmf43u4830137vj9twv4xd74j
cmf43u48b013pvj9t01401lwo,"Fourrure d'hiver - les animaux qui restent","Fourrure d'hiver - les animaux qui restent","changements saisonniers",cmf43u4830137vj9twv4xd74j
cmf43u48c013rvj9t6v0inkvt,"Expérience: pourquoi la fourrure?","Expérience: pourquoi la fourrure?","changements saisonniers",cmf43u4830137vj9twv4xd74j
cmf43u48d013tvj9tx0i2d4w8,"Nourriture d'automne - récolter et stocker","Nourriture d'automne - récolter et stocker","changements saisonniers",cmf43u4830137vj9twv4xd74j
cmf43u48e013vvj9t31hv0l5t,"Notre jardin d'automne - que se passe-t-il?","Notre jardin d'automne - que se passe-t-il?","changements saisonniers",cmf43u4830137vj9twv4xd74j
cmf43u48f013xvj9tfebw47nk,"Expérience: les graines en automne","Expérience: les graines en automne","changements saisonniers",cmf43u4830137vj9twv4xd74j
cmf43u48g013zvj9twoyv9loz,"Notre livre scientifique d'automne","Notre livre scientifique d'automne","changements saisonniers",cmf43u4830137vj9twv4xd74j
cmf43u48h0141vj9trnzx0b4t,"Prédictions: que va-t-il se passer en hiver?","Prédictions: que va-t-il se passer en hiver?","changements saisonniers",cmf43u4830137vj9twv4xd74j
cmf43u48j0145vj9t27i7xofg,"Expérience: créer de l'automne","Expérience: créer de l'automne","changements saisonniers",cmf43u4830137vj9twv4xd74j
cmf43u48k0147vj9tseebfz8h,"L'automne et les humains","L'automne et les humains","changements saisonniers",cmf43u4830137vj9twv4xd74j
cmf43u48l0149vj9t1fwse56g,"Présentation scientifique","Présentation scientifique","changements saisonniers",cmf43u4830137vj9twv4xd74j
cmf43u48m014bvj9t18xk8i3q,"Fête des petits scientifiques d'automne","Fête des petits scientifiques d'automne","changements saisonniers",cmf43u4830137vj9twv4xd74j
cmf43u3y500i9vj9tu10g8mzr,"Ma voix spéciale","Ma voix spéciale","communication creative",cmf43u3y400i7vj9tu1eu69f8
cmf43u3y600ibvj9t5cnermmx,"Montrer et dire","Montrer et dire","communication creative",cmf43u3y400i7vj9tu1eu69f8
cmf43u3y700idvj9tb8fz9sdp,"Gestes qui parlent","Gestes qui parlent","communication creative",cmf43u3y400i7vj9tu1eu69f8
cmf43u3y800ifvj9ticcd8kqw,"Écouter avec attention","Écouter avec attention","communication creative",cmf43u3y400i7vj9tu1eu69f8
cmf43u3y800ihvj9t5hoaje4o,"Raconter mes aventures","Raconter mes aventures","communication creative",cmf43u3y400i7vj9tu1eu69f8
cmf43u3y900ijvj9t1h3y9xek,"Personnages vivants","Personnages vivants","communication creative",cmf43u3y400i7vj9tu1eu69f8
cmf43u3ya00ilvj9t6qltfgbj,"Émotions expressives","Émotions expressives","communication creative",cmf43u3y400i7vj9tu1eu69f8
cmf43u3yb00invj9tvwlhjx06,"Jouer des scènes","Jouer des scènes","communication creative",cmf43u3y400i7vj9tu1eu69f8
cmf43u3yc00ipvj9tibzb3scc,"Présenter mes créations","Présenter mes créations","communication creative",cmf43u3y400i7vj9tu1eu69f8
cmf43u3yd00irvj9th8iin6wr,"Questions curieuses","Questions curieuses","communication creative",cmf43u3y400i7vj9tu1eu69f8
cmf43u3yd00itvj9t1tm5ylma,"Instructions claires","Instructions claires","communication creative",cmf43u3y400i7vj9tu1eu69f8
cmf43u3ye00ivvj9te7jsmr8t,"Descriptions vivantes","Descriptions vivantes","communication creative",cmf43u3y400i7vj9tu1eu69f8
cmf43u3yf00ixvj9trw0yrbq9,"Spectacle de classe","Spectacle de classe","communication creative",cmf43u3y400i7vj9tu1eu69f8
cmf43u3yg00izvj9tvyfcpnr5,"Portfolio de communication","Portfolio de communication","communication creative",cmf43u3y400i7vj9tu1eu69f8
cmf43u3yh00j1vj9tzisrd313,"Conteurs d'histoires","Conteurs d'histoires","communication creative",cmf43u3y400i7vj9tu1eu69f8
cmf43u3yi00j3vj9tcrld817u,"Reporters de nouvelles","Reporters de nouvelles","communication creative",cmf43u3y400i7vj9tu1eu69f8
cmf43u3yj00j5vj9tyfuar85g,"Débat amical","Débat amical","communication creative",cmf43u3y400i7vj9tu1eu69f8
cmf43u3yk00j7vj9tbbdvi29e,"Enseignants experts","Enseignants experts","communication creative",cmf43u3y400i7vj9tu1eu69f8
cmf43u3yl00j9vj9tuznsaupe,"Ambassadeurs culturels","Ambassadeurs culturels","communication creative",cmf43u3y400i7vj9tu1eu69f8
cmf43u3ym00jbvj9tehsoxint,"Célébration de communicateurs","Célébration de communicateurs","communication creative",cmf43u3y400i7vj9tu1eu69f8
cmf43u43400srvj9tsw1n20t3,"Découvrir plus et moins","Découvrir plus et moins",comparaison,cmf43u43300spvj9tv746gurq
cmf43u43500stvj9tbr68u5x6,"Aligner pour comparer","Aligner pour comparer",comparaison,cmf43u43300spvj9tv746gurq
cmf43u43600svvj9ta29vcb2u,"Grand et petit avec nos mains","Grand et petit avec nos mains",comparaison,cmf43u43300spvj9tv746gurq
cmf43u43700sxvj9t6srw11fn,"Jeux de comparaison","Jeux de comparaison",comparaison,cmf43u43300spvj9tv746gurq
cmf43u43800szvj9t98r1tu3t,"Ordre croissant avec 3 objets","Ordre croissant avec 3 objets",comparaison,cmf43u43300spvj9tv746gurq
cmf43u43900t1vj9t9kxva6ph,"Construire des tours de comparaison","Construire des tours de comparaison",comparaison,cmf43u43300spvj9tv746gurq
cmf43u43a00t3vj9ttwkatfwo,"Ordre décroissant - du grand au petit","Ordre décroissant - du grand au petit",comparaison,cmf43u43300spvj9tv746gurq
cmf43u43b00t5vj9t1jz9jobp,"Comparer avec les nombres 1-10","Comparer avec les nombres 1-10",comparaison,cmf43u43300spvj9tv746gurq
cmf43u43c00t7vj9tgf1t9bqz,"Dessiner pour comparer","Dessiner pour comparer",comparaison,cmf43u43300spvj9tv746gurq
cmf43u43d00t9vj9thtabpn7a,"Égal ou différent?","Égal ou différent?",comparaison,cmf43u43300spvj9tv746gurq
cmf43u43e00tbvj9taxduhaim,"Comparer jusqu'à 15","Comparer jusqu'à 15",comparaison,cmf43u43300spvj9tv746gurq
cmf43u43f00tdvj9th3oi4jhq,"Régularités dans l'ordre","Régularités dans l'ordre",comparaison,cmf43u43300spvj9tv746gurq
cmf43u43f00tfvj9tjcmc0x77,"Ordonner 5 objets différents","Ordonner 5 objets différents",comparaison,cmf43u43300spvj9tv746gurq
cmf43u43g00thvj9ty56ur6l7,"Problèmes de comparaison","Problèmes de comparaison",comparaison,cmf43u43300spvj9tv746gurq
cmf43u43h00tjvj9t95b0qve7,"Comparer jusqu'à 20","Comparer jusqu'à 20",comparaison,cmf43u43300spvj9tv746gurq
cmf43u43i00tlvj9tj8cjqw72,"Course aux comparaisons","Course aux comparaisons",comparaison,cmf43u43300spvj9tv746gurq
cmf43u43k00tnvj9tyawz8oi7,"Art ordonné - créations séquentielles","Art ordonné - créations séquentielles",comparaison,cmf43u43300spvj9tv746gurq
cmf43u43k00tpvj9ti60sg97j,"Enquête de comparaison dans l'école","Enquête de comparaison dans l'école",comparaison,cmf43u43300spvj9tv746gurq
cmf43u43l00trvj9t89ultpjp,"Histoires de comparaison","Histoires de comparaison",comparaison,cmf43u43300spvj9tv746gurq
cmf43u43m00ttvj9t98m1bqve,"Festival des comparaisons","Festival des comparaisons",comparaison,cmf43u43300spvj9tv746gurq
cmf43u3wk00ervj9t1015qne0,"Mon corps spécial","Mon corps spécial","corps securite",cmf43u3wj00epvj9tfov71xk7
cmf43u3wl00etvj9t581dia4m,"Mes parties du corps","Mes parties du corps","corps securite",cmf43u3wj00epvj9tfov71xk7
cmf43u3wm00evvj9tzd5k0pvk,"Mon corps fait des choses","Mon corps fait des choses","corps securite",cmf43u3wj00epvj9tfov71xk7
cmf43u3wn00exvj9tic38jgky,"Qui peut toucher?","Qui peut toucher?","corps securite",cmf43u3wj00epvj9tfov71xk7
cmf43u3wo00ezvj9thtb6gr00,"Touches qui aident","Touches qui aident","corps securite",cmf43u3wj00epvj9tfov71xk7
cmf43u3wo00f1vj9t5b2h2cx1,"Dire non","Dire non","corps securite",cmf43u3wj00epvj9tfov71xk7
cmf43u3wp00f3vj9tdc27f1xc,"Adultes de confiance","Adultes de confiance","corps securite",cmf43u3wj00epvj9tfov71xk7
cmf43u3wq00f5vj9t7m4dv7j2,"Chercher de l'aide","Chercher de l'aide","corps securite",cmf43u3wj00epvj9tfov71xk7
cmf43u3wr00f7vj9tvuyosa6g,"Sécurité à la maison","Sécurité à la maison","corps securite",cmf43u3wj00epvj9tfov71xk7
cmf43u3ws00f9vj9ta0uju8uh,"Sécurité à l'école","Sécurité à l'école","corps securite",cmf43u3wj00epvj9tfov71xk7
cmf43u3wt00fbvj9te7pvklma,"Sécurité dans la communauté","Sécurité dans la communauté","corps securite",cmf43u3wj00epvj9tfov71xk7
cmf43u3wu00fdvj9tzhrb59ez,"Numéros d'urgence","Numéros d'urgence","corps securite",cmf43u3wj00epvj9tfov71xk7
cmf43u3wv00ffvj9t4flroy7o,"Sentiments et sécurité","Sentiments et sécurité","corps securite",cmf43u3wj00epvj9tfov71xk7
cmf43u3ww00fhvj9tdfax7r3t,"Portfolio de sécurité","Portfolio de sécurité","corps securite",cmf43u3wj00epvj9tfov71xk7
cmf43u3wx00fjvj9tlu40iakx,"Jeux de rôle sécurité","Jeux de rôle sécurité","corps securite",cmf43u3wj00epvj9tfov71xk7
cmf43u3wy00flvj9tljm0h48a,"Histoires de sécurité","Histoires de sécurité","corps securite",cmf43u3wj00epvj9tfov71xk7
cmf43u3wy00fnvj9t1o1pxfps,"Art corporel positif","Art corporel positif","corps securite",cmf43u3wj00epvj9tfov71xk7
cmf43u3x000fpvj9tp5igsqnb,"Chansons de sécurité","Chansons de sécurité","corps securite",cmf43u3wj00epvj9tfov71xk7
cmf43u3x100frvj9tswjfzzy2,"Famille et sécurité","Famille et sécurité","corps securite",cmf43u3wj00epvj9tfov71xk7
cmf43u3x200ftvj9txp2ipa67,"Célébration de sécurité","Célébration de sécurité","corps securite",cmf43u3wj00epvj9tfov71xk7
cmf43u48o014fvj9tvzhl3k6j,"Les êtres vivants autour de nous","Les êtres vivants autour de nous","croissance besoins",cmf43u48o014dvj9tqhzjuags
cmf43u48q014hvj9ts7jm3q56,"De quoi ont besoin les plantes pour vivre?","De quoi ont besoin les plantes pour vivre?","croissance besoins",cmf43u48o014dvj9tqhzjuags
cmf43u48q014jvj9tkhnkwtrq,"Expérience: les plantes et l'eau","Expérience: les plantes et l'eau","croissance besoins",cmf43u48o014dvj9tqhzjuags
cmf43u48r014lvj9t9fyj7cit,"Les plantes ont besoin de lumière","Les plantes ont besoin de lumière","croissance besoins",cmf43u48o014dvj9tqhzjuags
cmf43u48s014nvj9t1eba6jsb,"De quoi ont besoin les animaux pour vivre?","De quoi ont besoin les animaux pour vivre?","croissance besoins",cmf43u48o014dvj9tqhzjuags
cmf43u48t014pvj9t3q7u7apf,"Les bébés animaux grandissent","Les bébés animaux grandissent","croissance besoins",cmf43u48o014dvj9tqhzjuags
cmf43u48u014rvj9tooeso3qf,"Comment prendre soin d'une plante?","Comment prendre soin d'une plante?","croissance besoins",cmf43u48o014dvj9tqhzjuags
cmf43u48v014tvj9t4lkpspiy,"Comment aider les animaux?","Comment aider les animaux?","croissance besoins",cmf43u48o014dvj9tqhzjuags
cmf43u48w014vvj9tfkf0aiy8,"Notre jardin de classe","Notre jardin de classe","croissance besoins",cmf43u48o014dvj9tqhzjuags
cmf43u48x014xvj9t9yghehkn,"Observer la croissance de nos plantes","Observer la croissance de nos plantes","croissance besoins",cmf43u48o014dvj9tqhzjuags
cmf43u48x014zvj9tshnmnhic,"Les humains ont des besoins aussi","Les humains ont des besoins aussi","croissance besoins",cmf43u48o014dvj9tqhzjuags
cmf43u48y0151vj9tgju8s4km,"Créer un habitat pour les petites créatures","Créer un habitat pour les petites créatures","croissance besoins",cmf43u48o014dvj9tqhzjuags
cmf43u48z0153vj9tje616r61,"Nos plantes après plusieurs semaines","Nos plantes après plusieurs semaines","croissance besoins",cmf43u48o014dvj9tqhzjuags
cmf43u4900155vj9ttpw4rxq2,"Célébrer les êtres vivants","Célébrer les êtres vivants","croissance besoins",cmf43u48o014dvj9tqhzjuags
cmf43u4910157vj9tdscxcxyn,"Les saisons et les besoins des vivants","Les saisons et les besoins des vivants","croissance besoins",cmf43u48o014dvj9tqhzjuags
cmf43u4920159vj9t9qgxicx7,"Protéger les habitats","Protéger les habitats","croissance besoins",cmf43u48o014dvj9tqhzjuags
cmf43u493015bvj9t7h76u632,"Les êtres vivants qui nous aident","Les êtres vivants qui nous aident","croissance besoins",cmf43u48o014dvj9tqhzjuags
cmf43u494015dvj9tfheeek0f,"Devenir des experts en soins","Devenir des experts en soins","croissance besoins",cmf43u48o014dvj9tqhzjuags
cmf43u494015fvj9td6s3g1qd,"Notre livre des êtres vivants","Notre livre des êtres vivants","croissance besoins",cmf43u48o014dvj9tqhzjuags
cmf43u495015hvj9tzoiw5uii,"Fête des petits gardiens de la vie","Fête des petits gardiens de la vie","croissance besoins",cmf43u48o014dvj9tqhzjuags
cmf43u43o00txvj9t74ibudiw,"Introduction à l'équilibre","Introduction à l'équilibre","egalite celebration",cmf43u43o00tvvj9ttyd3giia
cmf43u43p00tzvj9t11fw2qvj,"Balances et objets égaux","Balances et objets égaux","egalite celebration",cmf43u43o00tvvj9ttyd3giia
cmf43u43q00u1vj9twob8xexz,"Groupes égaux avec manipulatives","Groupes égaux avec manipulatives","egalite celebration",cmf43u43o00tvvj9ttyd3giia
cmf43u43r00u3vj9tqd2l1sfi,"Dessiner l'égalité","Dessiner l'égalité","egalite celebration",cmf43u43o00tvvj9ttyd3giia
cmf43u43s00u5vj9tmy5neau2,"Le signe égal mystérieux","Le signe égal mystérieux","egalite celebration",cmf43u43o00tvvj9ttyd3giia
cmf43u43t00u7vj9tcjox63ii,"Équations avec objets","Équations avec objets","egalite celebration",cmf43u43o00tvvj9ttyd3giia
cmf43u43u00u9vj9t8vm77t6g,"Balances numériques","Balances numériques","egalite celebration",cmf43u43o00tvvj9ttyd3giia
cmf43u43v00ubvj9t18n5xtlf,"Vrai ou faux - équations simples","Vrai ou faux - équations simples","egalite celebration",cmf43u43o00tvvj9ttyd3giia
cmf43u43w00udvj9tka64ot1e,"Construire des équations vraies","Construire des équations vraies","egalite celebration",cmf43u43o00tvvj9ttyd3giia
cmf43u43x00ufvj9tfunt1fol,"Égalité avec addition simple","Égalité avec addition simple","egalite celebration",cmf43u43o00tvvj9ttyd3giia
cmf43u43y00uhvj9ti6iadu4g,"Patterns d'égalité","Patterns d'égalité","egalite celebration",cmf43u43o00tvvj9ttyd3giia
cmf43u43z00ujvj9t3zpvyajr,"Équilibrer des équations","Équilibrer des équations","egalite celebration",cmf43u43o00tvvj9ttyd3giia
cmf43u44000ulvj9tpbrl9cfh,"Jeux d'égalité","Jeux d'égalité","egalite celebration",cmf43u43o00tvvj9ttyd3giia
cmf43u44100unvj9tyl19wsf2,"Art de l'égalité","Art de l'égalité","egalite celebration",cmf43u43o00tvvj9ttyd3giia
cmf43u44200upvj9tb5k1v749,"Équations mystère","Équations mystère","egalite celebration",cmf43u43o00tvvj9ttyd3giia
cmf43u44300urvj9tq7q8rgeb,"Balance familiale","Balance familiale","egalite celebration",cmf43u43o00tvvj9ttyd3giia
cmf43u44400utvj9tewnx40nu,"Égalité dans la nature","Égalité dans la nature","egalite celebration",cmf43u43o00tvvj9ttyd3giia
cmf43u44500uvvj9t56gk23a3,"Défis d'égalité","Défis d'égalité","egalite celebration",cmf43u43o00tvvj9ttyd3giia
cmf43u44500uxvj9tfenfkxuq,"Portfolio d'égalité","Portfolio d'égalité","egalite celebration",cmf43u43o00tvvj9ttyd3giia
cmf43u44600uzvj9to6s1018q,"Grande célébration mathématique","Grande célébration mathématique","egalite celebration",cmf43u43o00tvvj9ttyd3giia
cmf43u3v000b9vj9tt6dyxxuy,"Qu'est-ce que je ressens?","Qu'est-ce que je ressens?","emotions sentiments",cmf43u3uz00b7vj9toxmjxb0a
cmf43u3v100bbvj9t18l4whfs,"Mon visage montre mes émotions","Mon visage montre mes émotions","emotions sentiments",cmf43u3uz00b7vj9toxmjxb0a
cmf43u3v200bdvj9tvylgfr7q,"Mon corps ressent aussi","Mon corps ressent aussi","emotions sentiments",cmf43u3uz00b7vj9toxmjxb0a
cmf43u3v300bfvj9tokaywgcw,"Toutes les émotions sont normales","Toutes les émotions sont normales","emotions sentiments",cmf43u3uz00b7vj9toxmjxb0a
cmf43u3v400bhvj9tygtkidem,"Dire mes sentiments","Dire mes sentiments","emotions sentiments",cmf43u3uz00b7vj9toxmjxb0a
cmf43u3v500bjvj9tal0go1m9,"Quand je suis content","Quand je suis content","emotions sentiments",cmf43u3uz00b7vj9toxmjxb0a
cmf43u3v500blvj9tmbl6un86,"Quand je suis triste","Quand je suis triste","emotions sentiments",cmf43u3uz00b7vj9toxmjxb0a
cmf43u3v600bnvj9t9lhxrxnl,"Quand je suis fâché","Quand je suis fâché","emotions sentiments",cmf43u3uz00b7vj9toxmjxb0a
cmf43u3v700bpvj9tpmj8wtx5,"Quand j'ai peur","Quand j'ai peur","emotions sentiments",cmf43u3uz00b7vj9toxmjxb0a
cmf43u3v800brvj9tcspo8yu0,"Respirer pour me calmer","Respirer pour me calmer","emotions sentiments",cmf43u3uz00b7vj9toxmjxb0a
cmf43u3v900btvj9tjhxy6b0y,"Comprendre les autres","Comprendre les autres","emotions sentiments",cmf43u3uz00b7vj9toxmjxb0a
cmf43u3va00bxvj9tjsl7nqsv,"Mes stratégies émotionnelles","Mes stratégies émotionnelles","emotions sentiments",cmf43u3uz00b7vj9toxmjxb0a
cmf43u3vb00bzvj9tcf7jhczn,"Mon journal des émotions","Mon journal des émotions","emotions sentiments",cmf43u3uz00b7vj9toxmjxb0a
cmf43u3vc00c1vj9tenjb2sxa,"Émotions en musique","Émotions en musique","emotions sentiments",cmf43u3uz00b7vj9toxmjxb0a
cmf43u3vd00c3vj9tyh1iqmtf,"Art des émotions","Art des émotions","emotions sentiments",cmf43u3uz00b7vj9toxmjxb0a
cmf43u3ve00c5vj9te1w492u1,"Jeux d'émotions","Jeux d'émotions","emotions sentiments",cmf43u3uz00b7vj9toxmjxb0a
cmf43u3ve00c7vj9tg3d1jw6t,"Histoires d'émotions","Histoires d'émotions","emotions sentiments",cmf43u3uz00b7vj9toxmjxb0a
cmf43u3vf00c9vj9tx0o2xc1k,"Émotions en famille","Émotions en famille","emotions sentiments",cmf43u3uz00b7vj9toxmjxb0a
cmf43u3vg00cbvj9tuurqhu4g,"Célébration des émotions","Célébration des émotions","emotions sentiments",cmf43u3uz00b7vj9toxmjxb0a
cmf43u497015lvj9tweo0w3ul,"Notre environnement naturel","Notre environnement naturel","environnement partage",cmf43u496015jvj9tbdn7emo8
cmf43u498015nvj9twtfv1oix,"Les animaux dans leur maison naturelle","Les animaux dans leur maison naturelle","environnement partage",cmf43u496015jvj9tbdn7emo8
cmf43u499015pvj9ttvgwohc1,"Les plantes ont leur place aussi","Les plantes ont leur place aussi","environnement partage",cmf43u496015jvj9tbdn7emo8
cmf43u49a015rvj9tren939cp,"Tout est connecté dans la nature","Tout est connecté dans la nature","environnement partage",cmf43u496015jvj9tbdn7emo8
cmf43u49b015tvj9t9qz6v9xt,"L'eau: source de vie partout","L'eau: source de vie partout","environnement partage",cmf43u496015jvj9tbdn7emo8
cmf43u49c015vvj9tdrfnby63,"L'air pur pour tous les vivants","L'air pur pour tous les vivants","environnement partage",cmf43u496015jvj9tbdn7emo8
cmf43u49c015xvj9t7uyxjdrg,"Prendre soin de notre environnement","Prendre soin de notre environnement","environnement partage",cmf43u496015jvj9tbdn7emo8
cmf43u49d015zvj9t624jyyjs,"Réduire nos déchets","Réduire nos déchets","environnement partage",cmf43u496015jvj9tbdn7emo8
cmf43u49e0161vj9tctmudryw,"Réutiliser les objets créativement","Réutiliser les objets créativement","environnement partage",cmf43u496015jvj9tbdn7emo8
cmf43u49f0163vj9tgipwjk05,"Le recyclage: donner une nouvelle vie","Le recyclage: donner une nouvelle vie","environnement partage",cmf43u496015jvj9tbdn7emo8
cmf43u49g0165vj9t5lovidce,"Trier pour mieux recycler","Trier pour mieux recycler","environnement partage",cmf43u496015jvj9tbdn7emo8
cmf43u49h0167vj9turbtb2jc,"Les 3 R: Réduire, Réutiliser, Recycler","Les 3 R: Réduire, Réutiliser, Recycler","environnement partage",cmf43u496015jvj9tbdn7emo8
cmf43u49i0169vj9t73dgdmao,"Notre projet de compostage","Notre projet de compostage","environnement partage",cmf43u496015jvj9tbdn7emo8
cmf43u49j016bvj9t2ldfpf3x,"Économiser l'énergie ensemble","Économiser l'énergie ensemble","environnement partage",cmf43u496015jvj9tbdn7emo8
cmf43u49k016dvj9tcsm2jxij,"Créer un jardin pour les pollinisateurs","Créer un jardin pour les pollinisateurs","environnement partage",cmf43u496015jvj9tbdn7emo8
cmf43u49l016fvj9tlb6pxkfo,"Les transports respectueux de l'environnement","Les transports respectueux de l'environnement","environnement partage",cmf43u496015jvj9tbdn7emo8
cmf43u49m016hvj9tir8blesm,"Protéger les animaux sauvages","Protéger les animaux sauvages","environnement partage",cmf43u496015jvj9tbdn7emo8
cmf43u49m016jvj9t6d9bpqba,"Partager notre planète équitablement","Partager notre planète équitablement","environnement partage",cmf43u496015jvj9tbdn7emo8
cmf43u49n016lvj9tq0s69yyt,"Devenir des ambassadeurs de l'environnement","Devenir des ambassadeurs de l'environnement","environnement partage",cmf43u496015jvj9tbdn7emo8
cmf43u49o016nvj9tkvespmsp,"Célébration de notre environnement partagé","Célébration de notre environnement partagé","environnement partage",cmf43u496015jvj9tbdn7emo8
cmf43u49q016rvj9t43whwfab,"Le printemps arrive - premiers signes","Le printemps arrive - premiers signes","eveil printemps",cmf43u49p016pvj9txx3n7ot7
cmf43u49r016tvj9tmcnabzvj,"Les bourgeons réveillent","Les bourgeons réveillent","eveil printemps",cmf43u49p016pvj9txx3n7ot7
cmf43u49s016vvj9tobfcqryw,"Pourquoi les plantes se réveillent-elles?","Pourquoi les plantes se réveillent-elles?","eveil printemps",cmf43u49p016pvj9txx3n7ot7
cmf43u49t016xvj9t706q4vui,"Les premières feuilles vertes","Les premières feuilles vertes","eveil printemps",cmf43u49p016pvj9txx3n7ot7
cmf43u49u016zvj9te3lyeu7v,"Il fait plus chaud - mesurer le printemps","Il fait plus chaud - mesurer le printemps","eveil printemps",cmf43u49p016pvj9txx3n7ot7
cmf43u49v0171vj9tgp7kxdpv,"Les jours deviennent plus longs","Les jours deviennent plus longs","eveil printemps",cmf43u49p016pvj9txx3n7ot7
cmf43u49w0173vj9t788mj0hm,"Les animaux se réveillent aussi","Les animaux se réveillent aussi","eveil printemps",cmf43u49p016pvj9txx3n7ot7
cmf43u49w0175vj9t8ix6osa8,"Les oiseaux construisent des nids","Les oiseaux construisent des nids","eveil printemps",cmf43u49p016pvj9txx3n7ot7
cmf43u49x0177vj9tc7165jh6,"Pourquoi faire des nids au printemps?","Pourquoi faire des nids au printemps?","eveil printemps",cmf43u49p016pvj9txx3n7ot7
cmf43u49y0179vj9ti8ffahol,"Expérience: faire pousser des graines","Expérience: faire pousser des graines","eveil printemps",cmf43u49p016pvj9txx3n7ot7
cmf43u49z017bvj9tkob660tv,"Les fleurs apparaissent","Les fleurs apparaissent","eveil printemps",cmf43u49p016pvj9txx3n7ot7
cmf43u4a0017dvj9t418jm3re,"Les insectes reviennent","Les insectes reviennent","eveil printemps",cmf43u49p016pvj9txx3n7ot7
cmf43u4a1017fvj9tn39xco02,"Notre jardin de printemps","Notre jardin de printemps","eveil printemps",cmf43u49p016pvj9txx3n7ot7
cmf43u4a2017hvj9t6b6ug2pb,"Notre livre scientifique de printemps","Notre livre scientifique de printemps","eveil printemps",cmf43u49p016pvj9txx3n7ot7
cmf43u4a3017jvj9tu7j909lk,"Prédictions: que va-t-il se passer en été?","Prédictions: que va-t-il se passer en été?","eveil printemps",cmf43u49p016pvj9txx3n7ot7
cmf43u4a4017lvj9tdjukfkpa,"Printemps autour du monde","Printemps autour du monde","eveil printemps",cmf43u49p016pvj9txx3n7ot7
cmf43u4a5017nvj9tlsac1f85,"Expérience: créer des conditions de printemps","Expérience: créer des conditions de printemps","eveil printemps",cmf43u49p016pvj9txx3n7ot7
cmf43u4a6017pvj9t9rkxvsnp,"Le printemps et les humains","Le printemps et les humains","eveil printemps",cmf43u49p016pvj9txx3n7ot7
cmf43u4a6017rvj9tdgwvrol1,"Présentation scientifique de printemps","Présentation scientifique de printemps","eveil printemps",cmf43u49p016pvj9txx3n7ot7
cmf43u4a7017tvj9t0tsdqgba,"Fête des petits scientifiques de printemps","Fête des petits scientifiques de printemps","eveil printemps",cmf43u49p016pvj9txx3n7ot7
cmf43u3yo00jfvj9t6ecx10if,"Découvrir les mots","Découvrir les mots","explorateurs de mots",cmf43u3yn00jdvj9t4ynrfkm6
cmf43u3yp00jhvj9tdlzv3jk0,"Sons et lettres","Sons et lettres","explorateurs de mots",cmf43u3yn00jdvj9t4ynrfkm6
cmf43u3yq00jjvj9tseq9msi6,"Familles de sons","Familles de sons","explorateurs de mots",cmf43u3yn00jdvj9t4ynrfkm6
cmf43u3yq00jlvj9tipwzfs4g,"Jeu des rimes","Jeu des rimes","explorateurs de mots",cmf43u3yn00jdvj9t4ynrfkm6
cmf43u3yr00jnvj9tiun3dan2,"Mots courts et longs","Mots courts et longs","explorateurs de mots",cmf43u3yn00jdvj9t4ynrfkm6
cmf43u3ys00jpvj9trnuolqn5,"Syllabes et battements","Syllabes et battements","explorateurs de mots",cmf43u3yn00jdvj9t4ynrfkm6
cmf43u3yt00jrvj9tlgxtcsm2,"Petits mots magiques","Petits mots magiques","explorateurs de mots",cmf43u3yn00jdvj9t4ynrfkm6
cmf43u3yu00jtvj9t0lxexox7,"Construire des mots","Construire des mots","explorateurs de mots",cmf43u3yn00jdvj9t4ynrfkm6
cmf43u3yv00jvvj9t7ef2ex8n,"Mots de la même famille","Mots de la même famille","explorateurs de mots",cmf43u3yn00jdvj9t4ynrfkm6
cmf43u3yw00jxvj9t0zhkwafk,"Chasse aux mots","Chasse aux mots","explorateurs de mots",cmf43u3yn00jdvj9t4ynrfkm6
cmf43u3yx00jzvj9tanf8df1q,"Inventer avec les mots","Inventer avec les mots","explorateurs de mots",cmf43u3yn00jdvj9t4ynrfkm6
cmf43u3yy00k1vj9tl5wnks37,"Mes mots préférés","Mes mots préférés","explorateurs de mots",cmf43u3yn00jdvj9t4ynrfkm6
cmf43u3yz00k3vj9tmix67p5n,"Dictionnaire d'images","Dictionnaire d'images","explorateurs de mots",cmf43u3yn00jdvj9t4ynrfkm6
cmf43u3z000k5vj9tarvc94vg,"Présentation de mes découvertes","Présentation de mes découvertes","explorateurs de mots",cmf43u3yn00jdvj9t4ynrfkm6
cmf43u3z100k7vj9ta59qvb77,"Jeux de mots créatifs","Jeux de mots créatifs","explorateurs de mots",cmf43u3yn00jdvj9t4ynrfkm6
cmf43u3z200k9vj9t6i2zyf1c,"Histoires avec nos mots","Histoires avec nos mots","explorateurs de mots",cmf43u3yn00jdvj9t4ynrfkm6
cmf43u3z300kbvj9t4der868p,"Mots dans notre école","Mots dans notre école","explorateurs de mots",cmf43u3yn00jdvj9t4ynrfkm6
cmf43u3z300kdvj9t7vc82wtf,"Atelier de poésie simple","Atelier de poésie simple","explorateurs de mots",cmf43u3yn00jdvj9t4ynrfkm6
cmf43u3z400kfvj9t81odywi6,"Concours d'orthographe amical","Concours d'orthographe amical","explorateurs de mots",cmf43u3yn00jdvj9t4ynrfkm6
cmf43u3z500khvj9t1q7d7i1v,"Célébration des explorateurs","Célébration des explorateurs","explorateurs de mots",cmf43u3yn00jdvj9t4ynrfkm6
cmf43u3ra002fvj9tf24rtcwr,"Découvrir le monde 3D","Découvrir le monde 3D","exploration 3d",cmf43u3r9002dvj9t9bqe14a3
cmf43u3ra002hvj9tfhiic32e,"Nos premières sculptures","Nos premières sculptures","exploration 3d",cmf43u3r9002dvj9t9bqe14a3
cmf43u3rb002jvj9t63916k19,"Construire avec des formes","Construire avec des formes","exploration 3d",cmf43u3r9002dvj9t9bqe14a3
cmf43u3rc002lvj9tt6kbtw1g,"Textures et surfaces","Textures et surfaces","exploration 3d",cmf43u3r9002dvj9t9bqe14a3
cmf43u3rd002nvj9tfiwxi3v6,"Animaux en 3D","Animaux en 3D","exploration 3d",cmf43u3r9002dvj9t9bqe14a3
cmf43u3re002pvj9tbwvmn0cu,"Mobiles et équilibre","Mobiles et équilibre","exploration 3d",cmf43u3r9002dvj9t9bqe14a3
cmf43u3re002rvj9t71u3isdk,"Jardin de sculptures","Jardin de sculptures","exploration 3d",cmf43u3r9002dvj9t9bqe14a3
cmf43u3rf002tvj9tf9aoccn3,"Masques en relief","Masques en relief","exploration 3d",cmf43u3r9002dvj9t9bqe14a3
cmf43u3rg002vvj9tou9e9vbm,"Architecture de blocs","Architecture de blocs","exploration 3d",cmf43u3r9002dvj9t9bqe14a3
cmf43u3rh002xvj9tr1v63cvu,"Sculptures à histoire","Sculptures à histoire","exploration 3d",cmf43u3r9002dvj9t9bqe14a3
cmf43u3rh002zvj9togoh0a4g,"Sculptures collaboratives","Sculptures collaboratives","exploration 3d",cmf43u3r9002dvj9t9bqe14a3
cmf43u3ri0031vj9t94e4b5ai,"Ombres et lumière","Ombres et lumière","exploration 3d",cmf43u3r9002dvj9t9bqe14a3
cmf43u3rj0033vj9tar2di6pa,"Recyclage créatif","Recyclage créatif","exploration 3d",cmf43u3r9002dvj9t9bqe14a3
cmf43u3rk0035vj9txkan3sas,"Galerie personnelle","Galerie personnelle","exploration 3d",cmf43u3r9002dvj9t9bqe14a3
cmf43u3rl0037vj9t0tsl93bu,"Sculptures cinétiques","Sculptures cinétiques","exploration 3d",cmf43u3r9002dvj9t9bqe14a3
cmf43u3rl0039vj9twh0lhgbb,"Sculptures mathématiques","Sculptures mathématiques","exploration 3d",cmf43u3r9002dvj9t9bqe14a3
cmf43u3rm003bvj9tzhfvf4oy,"Sculptures sonores","Sculptures sonores","exploration 3d",cmf43u3r9002dvj9t9bqe14a3
cmf43u3rn003dvj9tp37fm7o7,"Installation artistique","Installation artistique","exploration 3d",cmf43u3r9002dvj9t9bqe14a3
cmf43u3ro003fvj9tjee5tot3,"Art numérique 3D","Art numérique 3D","exploration 3d",cmf43u3r9002dvj9t9bqe14a3
cmf43u3ro003hvj9tg1bfgf1c,"Célébration 3D finale","Célébration 3D finale","exploration 3d",cmf43u3r9002dvj9t9bqe14a3
cmf43u3z800klvj9tw0h2uupg,"Qu'est-ce qu'un texte?","Qu'est-ce qu'un texte?","exploration de textes",cmf43u3z700kjvj9tp4zi2b5e
cmf43u3z800knvj9twry0vokj,"Images parlent aussi","Images parlent aussi","exploration de textes",cmf43u3z700kjvj9tp4zi2b5e
cmf43u3z900kpvj9t0pkbhjay,"Prédire avec les images","Prédire avec les images","exploration de textes",cmf43u3z700kjvj9tp4zi2b5e
cmf43u3za00krvj9twlbk564v,"Écouter et découvrir","Écouter et découvrir","exploration de textes",cmf43u3z700kjvj9tp4zi2b5e
cmf43u3zb00ktvj9tpia6lt79,"Reconter ensemble","Reconter ensemble","exploration de textes",cmf43u3z700kjvj9tp4zi2b5e
cmf43u3zc00kvvj9ttzuysj7u,"Textes différents partout","Textes différents partout","exploration de textes",cmf43u3z700kjvj9tp4zi2b5e
cmf43u3zd00kxvj9tyfbhy237,"Lire les indices","Lire les indices","exploration de textes",cmf43u3z700kjvj9tp4zi2b5e
cmf43u3ze00kzvj9t67j28x8v,"Questions importantes","Questions importantes","exploration de textes",cmf43u3z700kjvj9tp4zi2b5e
cmf43u3zf00l1vj9tbup7wgy7,"Mes livres préférés","Mes livres préférés","exploration de textes",cmf43u3z700kjvj9tp4zi2b5e
cmf43u3zg00l3vj9tsji0oc9g,"Comparer les histoires","Comparer les histoires","exploration de textes",cmf43u3z700kjvj9tp4zi2b5e
cmf43u3zg00l5vj9tconx9tmk,"Textes informatifs","Textes informatifs","exploration de textes",cmf43u3z700kjvj9tp4zi2b5e
cmf43u3zh00l7vj9t8ghksdgi,"Lire ensemble fort","Lire ensemble fort","exploration de textes",cmf43u3z700kjvj9tp4zi2b5e
cmf43u3zj00l9vj9tmv1qnvbz,"Création de questions","Création de questions","exploration de textes",cmf43u3z700kjvj9tp4zi2b5e
cmf43u3zk00lbvj9taxi9cm9p,"Portfolio de lecture","Portfolio de lecture","exploration de textes",cmf43u3z700kjvj9tp4zi2b5e
cmf43u3zl00ldvj9tgrct21zx,"Explorateurs de genres","Explorateurs de genres","exploration de textes",cmf43u3z700kjvj9tp4zi2b5e
cmf43u3zm00lfvj9t8cn65rh0,"Détectives de mots","Détectives de mots","exploration de textes",cmf43u3z700kjvj9tp4zi2b5e
cmf43u3zm00lhvj9tep77aypf,"Théâtre des histoires","Théâtre des histoires","exploration de textes",cmf43u3z700kjvj9tp4zi2b5e
cmf43u3zn00ljvj9t7fsrm9kl,"Bibliothécaires experts","Bibliothécaires experts","exploration de textes",cmf43u3z700kjvj9tp4zi2b5e
cmf43u3zo00llvj9tek9foty8,"Textes de chez nous","Textes de chez nous","exploration de textes",cmf43u3z700kjvj9tp4zi2b5e
cmf43u3zp00lnvj9t9t93wsic,"Célébration de lecteurs","Célébration de lecteurs","exploration de textes",cmf43u3z700kjvj9tp4zi2b5e
cmf43u4a9017xvj9tuphhwprn,"Notre année scientifique en révision","Notre année scientifique en révision","exposition finale",cmf43u4a9017vvj9tioigr466
cmf43u4aa017zvj9tc5dvn0b3,"Nos découvertes les plus excitantes","Nos découvertes les plus excitantes","exposition finale",cmf43u4a9017vvj9tioigr466
cmf43u4ab0181vj9t4lu9ik0l,"Qu'est-ce qu'une exposition scientifique?","Qu'est-ce qu'une exposition scientifique?","exposition finale",cmf43u4a9017vvj9tioigr466
cmf43u4ac0183vj9th6dr0h7h,"Choisir notre projet de démonstration","Choisir notre projet de démonstration","exposition finale",cmf43u4a9017vvj9tioigr466
cmf43u4ad0185vj9tizhq7mki,"Planifier notre démonstration","Planifier notre démonstration","exposition finale",cmf43u4a9017vvj9tioigr466
cmf43u4ad0187vj9tdzn0nnbe,"Matériel et outils nécessaires","Matériel et outils nécessaires","exposition finale",cmf43u4a9017vvj9tioigr466
cmf43u4ae0189vj9tzecwwpzl,"Pratiquer notre explication simple","Pratiquer notre explication simple","exposition finale",cmf43u4a9017vvj9tioigr466
cmf43u4af018bvj9tpweeqo2s,"Créer un affichage visuel","Créer un affichage visuel","exposition finale",cmf43u4a9017vvj9tioigr466
cmf43u4ag018dvj9tiunhpzk3,"Questions que les visiteurs pourraient poser","Questions que les visiteurs pourraient poser","exposition finale",cmf43u4a9017vvj9tioigr466
cmf43u4ah018fvj9tqfr4vkrn,"Sécurité pendant notre démonstration","Sécurité pendant notre démonstration","exposition finale",cmf43u4a9017vvj9tioigr466
cmf43u4ai018hvj9tejego5xl,"Première pratique complète","Première pratique complète","exposition finale",cmf43u4a9017vvj9tioigr466
cmf43u4aj018jvj9taunemy10,"Améliorer notre présentation","Améliorer notre présentation","exposition finale",cmf43u4a9017vvj9tioigr466
cmf43u4aj018lvj9tldt586kp,"Aider les autres avec leurs projets","Aider les autres avec leurs projets","exposition finale",cmf43u4a9017vvj9tioigr466
cmf43u4ak018nvj9txd3cts5y,"Inviter notre famille","Inviter notre famille","exposition finale",cmf43u4a9017vvj9tioigr466
cmf43u4al018pvj9t4po5qu8m,"Préparer notre espace d'exposition","Préparer notre espace d'exposition","exposition finale",cmf43u4a9017vvj9tioigr466
cmf43u4am018rvj9ti4omiiam,"Répétition générale","Répétition générale","exposition finale",cmf43u4a9017vvj9tioigr466
cmf43u4an018tvj9t5jpj7zcd,"Notre exposition scientifique!","Notre exposition scientifique!","exposition finale",cmf43u4a9017vvj9tioigr466
cmf43u4an018vvj9tt2a07epw,"Célébrer nos réussites","Célébrer nos réussites","exposition finale",cmf43u4a9017vvj9tioigr466
cmf43u4ao018xvj9t031rij7a,"Apprendre des autres projets","Apprendre des autres projets","exposition finale",cmf43u4a9017vvj9tioigr466
cmf43u4ap018zvj9tv2yhb746,"Sciences pour l'été","Sciences pour l'été","exposition finale",cmf43u4a9017vvj9tioigr466
cmf43u3zs00lrvj9tiscbf1o7,"Ma famille","Ma famille",famille,cmf43u3zq00lpvj9tnsaml469
cmf43u3zt00ltvj9tj8js05ic,"Qui est dans ma famille?","Qui est dans ma famille?",famille,cmf43u3zq00lpvj9tnsaml469
cmf43u3zt00lvvj9tnxhzgom7,"Ma famille à moi","Ma famille à moi",famille,cmf43u3zq00lpvj9tnsaml469
cmf43u3zv00lxvj9t6wiccuyn,"Les familles sont différentes","Les familles sont différentes",famille,cmf43u3zq00lpvj9tnsaml469
cmf43u3zw00lzvj9two8g0acz,"Qu'est-ce qu'on fait ensemble?","Qu'est-ce qu'on fait ensemble?",famille,cmf43u3zq00lpvj9tnsaml469
cmf43u3zx00m1vj9tgff4ls5k,"Notre maison","Notre maison",famille,cmf43u3zq00lpvj9tnsaml469
cmf43u3zy00m3vj9tbtw34pll,"Nos traditions familiales","Nos traditions familiales",famille,cmf43u3zq00lpvj9tnsaml469
cmf43u3zy00m5vj9t49kto0db,"Mon histoire familiale","Mon histoire familiale",famille,cmf43u3zq00lpvj9tnsaml469
cmf43u3zz00m7vj9t3dlpg88e,"Je décris ma famille","Je décris ma famille",famille,cmf43u3zq00lpvj9tnsaml469
cmf43u40000m9vj9tqyt1140r,"Les émotions en famille","Les émotions en famille",famille,cmf43u3zq00lpvj9tnsaml469
cmf43u40100mbvj9tij7e2a3o,"Créer notre livre de famille","Créer notre livre de famille",famille,cmf43u3zq00lpvj9tnsaml469
cmf43u40200mdvj9tiwkm2k5y,"Mon arbre généalogique","Mon arbre généalogique",famille,cmf43u3zq00lpvj9tnsaml469
cmf43u40300mfvj9to8dq2j6c,"Partager nos familles","Partager nos familles",famille,cmf43u3zq00lpvj9tnsaml469
cmf43u40400mhvj9tm3j0j5cw,"Célébration des familles","Célébration des familles",famille,cmf43u3zq00lpvj9tnsaml469
cmf43u40400mjvj9t39bnkphh,"Jeux de rôle familiaux","Jeux de rôle familiaux",famille,cmf43u3zq00lpvj9tnsaml469
cmf43u40500mlvj9tqvo6vjre,"Album photo familial","Album photo familial",famille,cmf43u3zq00lpvj9tnsaml469
cmf43u40600mnvj9tt1fifhoe,"Interviews avec la famille","Interviews avec la famille",famille,cmf43u3zq00lpvj9tnsaml469
cmf43u40700mpvj9t3b5188pf,"Familles du monde","Familles du monde",famille,cmf43u3zq00lpvj9tnsaml469
cmf43u40800mrvj9t4xpzxutq,"Chansons et comptines familiales","Chansons et comptines familiales",famille,cmf43u3zq00lpvj9tnsaml469
cmf43u40900mtvj9tt1w9at9t,"Exposition des familles","Exposition des familles",famille,cmf43u3zq00lpvj9tnsaml469
cmf43u3rr003lvj9t8zi6w75r,"Découvrons l'art des fêtes","Découvrons l'art des fêtes","fetes hivernales",cmf43u3rq003jvj9t0fyfxgm2
cmf43u3rs003nvj9tv5268zyg,"Les couleurs de l'hiver","Les couleurs de l'hiver","fetes hivernales",cmf43u3rq003jvj9t0fyfxgm2
cmf43u3rs003pvj9t8l3rn2ci,"Mes traditions familiales","Mes traditions familiales","fetes hivernales",cmf43u3rq003jvj9t0fyfxgm2
cmf43u3rt003rvj9t9bn4kgka,"Créons ensemble","Créons ensemble","fetes hivernales",cmf43u3rq003jvj9t0fyfxgm2
cmf43u3ru003tvj9t1qxuz6vj,"Formes de l'hiver","Formes de l'hiver","fetes hivernales",cmf43u3rq003jvj9t0fyfxgm2
cmf43u3rv003vvj9tlmluehy3,"Décorations simples","Décorations simples","fetes hivernales",cmf43u3rq003jvj9t0fyfxgm2
cmf43u3rw003xvj9ttio6rsre,"Cartes de souhaits","Cartes de souhaits","fetes hivernales",cmf43u3rq003jvj9t0fyfxgm2
cmf43u3rx003zvj9t75f0baqr,"Cadeaux faits main","Cadeaux faits main","fetes hivernales",cmf43u3rq003jvj9t0fyfxgm2
cmf43u3ry0041vj9tqgfriy8c,"Textures d'hiver","Textures d'hiver","fetes hivernales",cmf43u3rq003jvj9t0fyfxgm2
cmf43u3rz0043vj9t30huwh8g,"Lumières et ombres","Lumières et ombres","fetes hivernales",cmf43u3rq003jvj9t0fyfxgm2
cmf43u3s00045vj9t9womwy1z,"Motifs répétés","Motifs répétés","fetes hivernales",cmf43u3rq003jvj9t0fyfxgm2
cmf43u3s10047vj9t49iz0os0,"Mon chef-d'œuvre","Mon chef-d'œuvre","fetes hivernales",cmf43u3rq003jvj9t0fyfxgm2
cmf43u3s10049vj9t636rvj71,"Galerie de classe","Galerie de classe","fetes hivernales",cmf43u3rq003jvj9t0fyfxgm2
cmf43u3s2004bvj9tq96845eq,"Réflexion artistique","Réflexion artistique","fetes hivernales",cmf43u3rq003jvj9t0fyfxgm2
cmf43u3s3004dvj9tndqr9z36,"Art collaboratif","Art collaboratif","fetes hivernales",cmf43u3rq003jvj9t0fyfxgm2
cmf43u3s4004fvj9tc83ayq0b,"Techniques avancées","Techniques avancées","fetes hivernales",cmf43u3rq003jvj9t0fyfxgm2
cmf43u3s5004hvj9toyd9v8hg,"Art numérique simple","Art numérique simple","fetes hivernales",cmf43u3rq003jvj9t0fyfxgm2
cmf43u3s6004jvj9tt7lmu4c1,"Art recyclé","Art recyclé","fetes hivernales",cmf43u3rq003jvj9t0fyfxgm2
cmf43u3s6004lvj9tcvxs7xfy,"Performance artistique","Performance artistique","fetes hivernales",cmf43u3rq003jvj9t0fyfxgm2
cmf43u3s7004nvj9ttf52oz2c,"Célébration finale","Célébration finale","fetes hivernales",cmf43u3rq003jvj9t0fyfxgm2
cmf43u4ar0193vj9tzgbdposw,"Pousser et tirer - découvrir les forces","Pousser et tirer - découvrir les forces","forces mouvements",cmf43u4aq0191vj9td06vy64e
cmf43u4as0195vj9tql2sjbdv,"Force forte, force faible","Force forte, force faible","forces mouvements",cmf43u4aq0191vj9td06vy64e
cmf43u4at0197vj9tu7e5swp4,"Faire rouler - les objets qui roulent","Faire rouler - les objets qui roulent","forces mouvements",cmf43u4aq0191vj9td06vy64e
cmf43u4at0199vj9t5m36ilu4,"Expérience de roulement","Expérience de roulement","forces mouvements",cmf43u4aq0191vj9td06vy64e
cmf43u4au019bvj9t0bqm3asr,"Faire glisser sur différentes surfaces","Faire glisser sur différentes surfaces","forces mouvements",cmf43u4aq0191vj9td06vy64e
cmf43u4av019dvj9tevw918c7,"Les roues nous aident - introduction aux machines simples","Les roues nous aident - introduction aux machines simples","forces mouvements",cmf43u4aq0191vj9td06vy64e
cmf43u4aw019fvj9ttqfz4wx5,"Expérience: avec et sans roues","Expérience: avec et sans roues","forces mouvements",cmf43u4aq0191vj9td06vy64e
cmf43u4ax019hvj9tfuc8iyd4,"Les leviers - soulever avec un bâton","Les leviers - soulever avec un bâton","forces mouvements",cmf43u4aq0191vj9td06vy64e
cmf43u4ay019jvj9tkqaj9aob,"Expérience de leviers","Expérience de leviers","forces mouvements",cmf43u4aq0191vj9td06vy64e
cmf43u4az019lvj9trq65gdye,"Les plans inclinés - rendre les pentes utiles","Les plans inclinés - rendre les pentes utiles","forces mouvements",cmf43u4aq0191vj9td06vy64e
cmf43u4b0019nvj9thwyms36y,"Expérience de rampes","Expérience de rampes","forces mouvements",cmf43u4aq0191vj9td06vy64e
cmf43u4b0019pvj9tm29tlj8m,"Les poulies - soulever avec des cordes","Les poulies - soulever avec des cordes","forces mouvements",cmf43u4aq0191vj9td06vy64e
cmf43u4b1019rvj9tr93sotkw,"Identifier les machines simples autour de nous","Identifier les machines simples autour de nous","forces mouvements",cmf43u4aq0191vj9td06vy64e
cmf43u4b2019tvj9t7igb71l6,"Construire nos propres machines simples","Construire nos propres machines simples","forces mouvements",cmf43u4aq0191vj9td06vy64e
cmf43u4b3019vvj9tnb0zqjnv,"Tester nos machines - est-ce que ça marche?","Tester nos machines - est-ce que ça marche?","forces mouvements",cmf43u4aq0191vj9td06vy64e
cmf43u4b4019xvj9t9s4qfnoj,"Améliorer nos machines","Améliorer nos machines","forces mouvements",cmf43u4aq0191vj9td06vy64e
cmf43u4b5019zvj9tjjny6y6k,"Forces et mouvements dans les jeux","Forces et mouvements dans les jeux","forces mouvements",cmf43u4aq0191vj9td06vy64e
cmf43u4b601a1vj9tvf4gfgz9,"Inventeur de machines - résoudre des problèmes","Inventeur de machines - résoudre des problèmes","forces mouvements",cmf43u4aq0191vj9td06vy64e
cmf43u4b601a3vj9t101rcnw1,"Exposition de machines simples","Exposition de machines simples","forces mouvements",cmf43u4aq0191vj9td06vy64e
cmf43u4b701a5vj9taardzwa1,"Célébration des petits ingénieurs","Célébration des petits ingénieurs","forces mouvements",cmf43u4aq0191vj9td06vy64e
cmf43u44900v3vj9t3suzdkha,"Les formes dans notre classe","Les formes dans notre classe","formes 2d",cmf43u44800v1vj9t0sfu0ir3
cmf43u44a00v5vj9tmcvf5thw,"Toucher et sentir les formes","Toucher et sentir les formes","formes 2d",cmf43u44800v1vj9t0sfu0ir3
cmf43u44b00v7vj9t2qjvk9tz,"Tracer des formes dans le sable","Tracer des formes dans le sable","formes 2d",cmf43u44800v1vj9t0sfu0ir3
cmf43u44c00vbvj9tl2zx3t5l,"Chasse aux formes dans l'école","Chasse aux formes dans l'école","formes 2d",cmf43u44800v1vj9t0sfu0ir3
cmf43u44d00vdvj9tjnhygfts,"Créer des images avec des formes","Créer des images avec des formes","formes 2d",cmf43u44800v1vj9t0sfu0ir3
cmf43u44e00vfvj9tgd1g4gx5,"Trier et classer les formes","Trier et classer les formes","formes 2d",cmf43u44800v1vj9t0sfu0ir3
cmf43u44f00vhvj9tfiag1ef6,"Découvrir les côtés et les coins","Découvrir les côtés et les coins","formes 2d",cmf43u44800v1vj9t0sfu0ir3
cmf43u44g00vjvj9tfz0e45a8,"Jeux avec les formes","Jeux avec les formes","formes 2d",cmf43u44800v1vj9t0sfu0ir3
cmf43u44h00vlvj9tl92nqaiy,"Formes dans la nature","Formes dans la nature","formes 2d",cmf43u44800v1vj9t0sfu0ir3
cmf43u44i00vnvj9ts11drbj8,"Introduction aux solides 3D","Introduction aux solides 3D","formes 2d",cmf43u44800v1vj9t0sfu0ir3
cmf43u44j00vpvj9tnjcinozz,"Rouler, glisser, empiler","Rouler, glisser, empiler","formes 2d",cmf43u44800v1vj9t0sfu0ir3
cmf43u44k00vrvj9tg4qbz7uy,"Constructions 3D créatives","Constructions 3D créatives","formes 2d",cmf43u44800v1vj9t0sfu0ir3
cmf43u44l00vtvj9tu8we86cy,"Empreintes et traces de solides","Empreintes et traces de solides","formes 2d",cmf43u44800v1vj9t0sfu0ir3
cmf43u44m00vvvj9tlnndm2hq,"Galerie d'art géométrique","Galerie d'art géométrique","formes 2d",cmf43u44800v1vj9t0sfu0ir3
cmf43u44n00vxvj9tp717pk5t,"Formes et solides dans les métiers","Formes et solides dans les métiers","formes 2d",cmf43u44800v1vj9t0sfu0ir3
cmf43u44n00vzvj9tsmghhg2e,"Danse et mouvement avec les formes","Danse et mouvement avec les formes","formes 2d",cmf43u44800v1vj9t0sfu0ir3
cmf43u44o00w1vj9tac1co5ne,"Cuisine géométrique","Cuisine géométrique","formes 2d",cmf43u44800v1vj9t0sfu0ir3
cmf43u44p00w3vj9t3fnokf9p,"Histoires de formes magiques","Histoires de formes magiques","formes 2d",cmf43u44800v1vj9t0sfu0ir3
cmf43u44q00w5vj9tztk8sx9k,"Festival des formes et célébration","Festival des formes et célébration","formes 2d",cmf43u44800v1vj9t0sfu0ir3
cmf43u3vj00cfvj9tlvxh1xgy,"Je grandis chaque jour","Je grandis chaque jour",grandir,cmf43u3vh00cdvj9t4b1druk8
cmf43u3vk00chvj9tp1ewssr2,"Mes changements spéciaux","Mes changements spéciaux",grandir,cmf43u3vh00cdvj9t4b1druk8
cmf43u3vk00cjvj9t9g3y2b5x,"Célébrer nos familles","Célébrer nos familles",grandir,cmf43u3vh00cdvj9t4b1druk8
cmf43u3vl00clvj9t49kps518,"Mes souvenirs de bébé","Mes souvenirs de bébé",grandir,cmf43u3vh00cdvj9t4b1druk8
cmf43u3vm00cnvj9tgpnpm19v,"Mes amis changent aussi","Mes amis changent aussi",grandir,cmf43u3vh00cdvj9t4b1druk8
cmf43u3vn00cpvj9telx0dx4f,"Mes rêves pour grandir","Mes rêves pour grandir",grandir,cmf43u3vh00cdvj9t4b1druk8
cmf43u3vo00crvj9t8k8lyzhl,"Nos traditions de classe","Nos traditions de classe",grandir,cmf43u3vh00cdvj9t4b1druk8
cmf43u3vp00ctvj9t1u9qyp6y,"Capsule temporelle","Capsule temporelle",grandir,cmf43u3vh00cdvj9t4b1druk8
cmf43u3vp00cvvj9t3e9p5tab,"Histoires de famille","Histoires de famille",grandir,cmf43u3vh00cdvj9t4b1druk8
cmf43u3vq00cxvj9tqpfaibji,"Mes moments de fierté","Mes moments de fierté",grandir,cmf43u3vh00cdvj9t4b1druk8
cmf43u3vr00czvj9tdo474odh,"Grandir ensemble à l'école","Grandir ensemble à l'école",grandir,cmf43u3vh00cdvj9t4b1druk8
cmf43u3vs00d1vj9tk8rv5ecl,"Célébrer nos apprentissages","Célébrer nos apprentissages",grandir,cmf43u3vh00cdvj9t4b1druk8
cmf43u3vt00d3vj9t0mul6hlz,"Portfolio de croissance","Portfolio de croissance",grandir,cmf43u3vh00cdvj9t4b1druk8
cmf43u3vu00d5vj9t3z4pj2sq,"Présentation de croissance","Présentation de croissance",grandir,cmf43u3vh00cdvj9t4b1druk8
cmf43u3vv00d7vj9t98d2ygj4,"Jeu de mémoire de croissance","Jeu de mémoire de croissance",grandir,cmf43u3vh00cdvj9t4b1druk8
cmf43u3vw00d9vj9tcx62wwgd,"Art de croissance créatif","Art de croissance créatif",grandir,cmf43u3vh00cdvj9t4b1druk8
cmf43u3vx00dbvj9tvy431pt3,"Théâtre de traditions familiales","Théâtre de traditions familiales",grandir,cmf43u3vh00cdvj9t4b1druk8
cmf43u3vy00ddvj9tg9bs3hsc,"Livre de classe collectif","Livre de classe collectif",grandir,cmf43u3vh00cdvj9t4b1druk8
cmf43u3vz00dfvj9tthkvjwyw,"Fête de croissance","Fête de croissance",grandir,cmf43u3vh00cdvj9t4b1druk8
cmf43u3w000dhvj9tizov2gni,"Réflexion sur notre voyage","Réflexion sur notre voyage",grandir,cmf43u3vh00cdvj9t4b1druk8
cmf43u40b00mxvj9t6eqtw308,"L'automne arrive!","L'automne arrive!","histoires automne",cmf43u40a00mvvj9tk4l6dmf7
cmf43u40c00mzvj9t33ws43dv,"Les feuilles dansent","Les feuilles dansent","histoires automne",cmf43u40a00mvvj9tk4l6dmf7
cmf43u40d00n1vj9twavj9c6s,"Les arbres en automne","Les arbres en automne","histoires automne",cmf43u40a00mvvj9tk4l6dmf7
cmf43u40e00n3vj9ttmx9k2r9,"Il fait frais!","Il fait frais!","histoires automne",cmf43u40a00mvvj9tk4l6dmf7
cmf43u40f00n5vj9tcfnwuqwi,"Les animaux se préparent","Les animaux se préparent","histoires automne",cmf43u40a00mvvj9tk4l6dmf7
cmf43u40g00n7vj9ts5qmol4y,"Première histoire d'automne","Première histoire d'automne","histoires automne",cmf43u40a00mvvj9tk4l6dmf7
cmf43u40h00n9vj9tpcprn0ff,"Les personnages d'automne","Les personnages d'automne","histoires automne",cmf43u40a00mvvj9tk4l6dmf7
cmf43u40i00nbvj9t4mbfo55y,"Que se passe-t-il?","Que se passe-t-il?","histoires automne",cmf43u40a00mvvj9tk4l6dmf7
cmf43u40i00ndvj9tb0vw3e85,"Mes mots d'automne","Mes mots d'automne","histoires automne",cmf43u40a00mvvj9tk4l6dmf7
cmf43u40j00nfvj9tghecjygo,"Raconter ensemble","Raconter ensemble","histoires automne",cmf43u40a00mvvj9tk4l6dmf7
cmf43u40k00nhvj9t5569krax,"Les sons d'automne","Les sons d'automne","histoires automne",cmf43u40a00mvvj9tk4l6dmf7
cmf43u40l00njvj9tsvuz54zn,"Notre histoire de classe","Notre histoire de classe","histoires automne",cmf43u40a00mvvj9tk4l6dmf7
cmf43u40m00nlvj9tp5haabpq,"Révision et célébration","Révision et célébration","histoires automne",cmf43u40a00mvvj9tk4l6dmf7
cmf43u40n00nnvj9trst50aab,"Présentation du livre","Présentation du livre","histoires automne",cmf43u40a00mvvj9tk4l6dmf7
cmf43u40o00npvj9twggwjs0m,"Contes traditionnels d'automne","Contes traditionnels d'automne","histoires automne",cmf43u40a00mvvj9tk4l6dmf7
cmf43u40p00nrvj9t6h1jh7rx,"Théâtre d'automne","Théâtre d'automne","histoires automne",cmf43u40a00mvvj9tk4l6dmf7
cmf43u40q00ntvj9tdec71hlk,"Poésie d'automne","Poésie d'automne","histoires automne",cmf43u40a00mvvj9tk4l6dmf7
cmf43u40r00nvvj9t498u88mi,"Légendes d'automne","Légendes d'automne","histoires automne",cmf43u40a00mvvj9tk4l6dmf7
cmf43u40s00nxvj9t51dllmzw,"Automne autour du monde","Automne autour du monde","histoires automne",cmf43u40a00mvvj9tk4l6dmf7
cmf43u40t00nzvj9tc7gtrwdm,"Notre festival d'automne","Notre festival d'automne","histoires automne",cmf43u40a00mvvj9tk4l6dmf7
cmf43u3s9004rvj9trgq8ykp2,"Découvrons les motifs autour de nous","Découvrons les motifs autour de nous","impression motifs",cmf43u3s8004pvj9tvo44st5a
cmf4e9s3x0001vj8vzoa5d3vg,"Mes premiers tampons","Mes premiers tampons","impression motifs",cmf43u3s8004pvj9tvo44st5a
cmf4e9s400003vj8vq2fxsmsu,"Impressions de la nature","Impressions de la nature","impression motifs",cmf43u3s8004pvj9tvo44st5a
cmf4e9s410005vj8v0hengrc9,"Création de motifs simples","Création de motifs simples","impression motifs",cmf43u3s8004pvj9tvo44st5a
cmf4e9s420007vj8vq703bakd,"Motifs géométriques","Motifs géométriques","impression motifs",cmf43u3s8004pvj9tvo44st5a
cmf4e9s450009vj8vo5x1v8mf,"Couleurs et contrastes","Couleurs et contrastes","impression motifs",cmf43u3s8004pvj9tvo44st5a
cmf4e9s46000bvj8vqons6yrj,"Textures et impressions","Textures et impressions","impression motifs",cmf43u3s8004pvj9tvo44st5a
cmf4e9s47000dvj8v2f9smzkv,"Motifs narratifs","Motifs narratifs","impression motifs",cmf43u3s8004pvj9tvo44st5a
cmf4e9s49000fvj8vaz3m934b,"Impression collective","Impression collective","impression motifs",cmf43u3s8004pvj9tvo44st5a
cmf4e9s4a000hvj8vtscwrmaz,"Techniques mixtes","Techniques mixtes","impression motifs",cmf43u3s8004pvj9tvo44st5a
cmf4e9s4c000jvj8vm1jcp3i7,"Motifs de saisons","Motifs de saisons","impression motifs",cmf43u3s8004pvj9tvo44st5a
cmf4e9s4d000lvj8vdtkwym1s,"Auto-évaluation artistique","Auto-évaluation artistique","impression motifs",cmf43u3s8004pvj9tvo44st5a
cmf4e9s4f000nvj8v0c385og7,"Préparation d'exposition","Préparation d'exposition","impression motifs",cmf43u3s8004pvj9tvo44st5a
cmf4e9s4f000pvj8vvtfb007a,"Partage et célébration","Partage et célébration","impression motifs",cmf43u3s8004pvj9tvo44st5a
cmf43u40v00o3vj9tyf9y5xxd,"Premiers mots d'auteur","Premiers mots d'auteur","jeunes auteurs creatifs",cmf43u40u00o1vj9tsi4d1rs6
cmf43u40w00o5vj9tpq5039o1,"Mes idées spéciales","Mes idées spéciales","jeunes auteurs creatifs",cmf43u40u00o1vj9tsi4d1rs6
cmf43u40x00o7vj9tqqbuq8e1,"Dessiner mes histoires","Dessiner mes histoires","jeunes auteurs creatifs",cmf43u40u00o1vj9tsi4d1rs6
cmf43u40y00o9vj9t39ny5i63,"Mots simples, grandes histoires","Mots simples, grandes histoires","jeunes auteurs creatifs",cmf43u40u00o1vj9tsi4d1rs6
cmf43u40z00obvj9ti1jun0gr,"Écouter les histoires","Écouter les histoires","jeunes auteurs creatifs",cmf43u40u00o1vj9tsi4d1rs6
cmf43u41000odvj9t36e1btti,"Personnages amusants","Personnages amusants","jeunes auteurs creatifs",cmf43u40u00o1vj9tsi4d1rs6
cmf43u41100ofvj9tk6otl9ej,"Où se passe l'histoire?","Où se passe l'histoire?","jeunes auteurs creatifs",cmf43u40u00o1vj9tsi4d1rs6
cmf43u41200ohvj9t4p1l78nd,"Que fait mon personnage?","Que fait mon personnage?","jeunes auteurs creatifs",cmf43u40u00o1vj9tsi4d1rs6
cmf43u41300ojvj9ts42upt7g,"Première page d'auteur","Première page d'auteur","jeunes auteurs creatifs",cmf43u40u00o1vj9tsi4d1rs6
cmf43u41300olvj9tmn1jmn3i,"Partager avec la classe","Partager avec la classe","jeunes auteurs creatifs",cmf43u40u00o1vj9tsi4d1rs6
cmf43u41400onvj9tqhwx2lih,"Améliorer mon histoire","Améliorer mon histoire","jeunes auteurs creatifs",cmf43u40u00o1vj9tsi4d1rs6
cmf43u41500opvj9t6qfz3ukd,"Deuxième page magique","Deuxième page magique","jeunes auteurs creatifs",cmf43u40u00o1vj9tsi4d1rs6
cmf43u41600orvj9th4cp8164,"Chaise d'auteur spéciale","Chaise d'auteur spéciale","jeunes auteurs creatifs",cmf43u40u00o1vj9tsi4d1rs6
cmf43u41700otvj9twyt5in2q,"Mon livre fini","Mon livre fini","jeunes auteurs creatifs",cmf43u40u00o1vj9tsi4d1rs6
cmf43u41800ovvj9tivhjsxdj,"Nouvelle aventure créative","Nouvelle aventure créative","jeunes auteurs creatifs",cmf43u40u00o1vj9tsi4d1rs6
cmf43u41900oxvj9t9j2efnpc,"Illustrateur professionnel","Illustrateur professionnel","jeunes auteurs creatifs",cmf43u40u00o1vj9tsi4d1rs6
cmf43u41a00ozvj9tuip3ity7,"Histoires ensemble","Histoires ensemble","jeunes auteurs creatifs",cmf43u40u00o1vj9tsi4d1rs6
cmf43u41b00p1vj9tjt5sd45q,"Bibliothèque de classe","Bibliothèque de classe","jeunes auteurs creatifs",cmf43u40u00o1vj9tsi4d1rs6
cmf43u41c00p3vj9trm7pkele,"Lire aux petits","Lire aux petits","jeunes auteurs creatifs",cmf43u40u00o1vj9tsi4d1rs6
cmf43u41c00p5vj9tva0gk574,"Célébration d'auteurs","Célébration d'auteurs","jeunes auteurs creatifs",cmf43u40u00o1vj9tsi4d1rs6
cmf43u4b901a9vj9td4uj87km,"Lumière tout autour de nous","Lumière tout autour de nous","lumiere chaleur",cmf43u4b901a7vj9tniu23ifq
cmf43u4ba01abvj9t7uaqfbul,"Le soleil - notre grande source de lumière","Le soleil - notre grande source de lumière","lumiere chaleur",cmf43u4b901a7vj9tniu23ifq
cmf43u4bb01advj9twt45slzg,"Ombres magiques","Ombres magiques","lumiere chaleur",cmf43u4b901a7vj9tniu23ifq
cmf43u4bc01afvj9t9xl8jqp0,"Expérience avec les ombres","Expérience avec les ombres","lumiere chaleur",cmf43u4b901a7vj9tniu23ifq
cmf43u4bd01ahvj9t6ie0c0b0,"Lumières artificielles dans notre maison","Lumières artificielles dans notre maison","lumiere chaleur",cmf43u4b901a7vj9tniu23ifq
cmf43u4be01ajvj9terr1vme3,"Quand avons-nous besoin de lumière artificielle?","Quand avons-nous besoin de lumière artificielle?","lumiere chaleur",cmf43u4b901a7vj9tniu23ifq
cmf43u4bf01alvj9tkieqfpii,"La chaleur du soleil","La chaleur du soleil","lumiere chaleur",cmf43u4b901a7vj9tniu23ifq
cmf43u4bf01anvj9tprgg6gkr,"D'autres sources de chaleur","D'autres sources de chaleur","lumiere chaleur",cmf43u4b901a7vj9tniu23ifq
cmf43u4bg01apvj9tfapvlf3l,"Garder la chaleur en hiver","Garder la chaleur en hiver","lumiere chaleur",cmf43u4b901a7vj9tniu23ifq
cmf43u4bh01arvj9tfabc8jto,"Expérience: tester l'isolation","Expérience: tester l'isolation","lumiere chaleur",cmf43u4b901a7vj9tniu23ifq
cmf43u4bi01atvj9tvnu5ykel,"Lumière et chaleur des animaux","Lumière et chaleur des animaux","lumiere chaleur",cmf43u4b901a7vj9tniu23ifq
cmf43u4bj01avvj9tyblyo833,"Faire des reflets avec la lumière","Faire des reflets avec la lumière","lumiere chaleur",cmf43u4b901a7vj9tniu23ifq
cmf43u4bk01axvj9ta02ldxfz,"Couleurs dans la lumière","Couleurs dans la lumière","lumiere chaleur",cmf43u4b901a7vj9tniu23ifq
cmf43u4bl01azvj9tdpt2rgb5,"Notre journal de lumière et chaleur","Notre journal de lumière et chaleur","lumiere chaleur",cmf43u4b901a7vj9tniu23ifq
cmf43u4bm01b1vj9t4nqjje49,"Économiser l'énergie lumineuse","Économiser l'énergie lumineuse","lumiere chaleur",cmf43u4b901a7vj9tniu23ifq
cmf43u4bn01b3vj9tdny020o4,"Lumière et chaleur dans d'autres pays","Lumière et chaleur dans d'autres pays","lumiere chaleur",cmf43u4b901a7vj9tniu23ifq
cmf43u4bn01b5vj9tpabxjtvm,"Inventer des solutions de chaleur","Inventer des solutions de chaleur","lumiere chaleur",cmf43u4b901a7vj9tniu23ifq
cmf43u4bo01b7vj9ts0iz7j49,"Lumière et chaleur pour les plantes d'hiver","Lumière et chaleur pour les plantes d'hiver","lumiere chaleur",cmf43u4b901a7vj9tniu23ifq
cmf43u4bp01b9vj9tgi71cqdy,"Spectacle de lumière scientifique","Spectacle de lumière scientifique","lumiere chaleur",cmf43u4b901a7vj9tniu23ifq
cmf43u4bq01bbvj9tbc6i5dan,"Célébration: petits experts en lumière et chaleur","Célébration: petits experts en lumière et chaleur","lumiere chaleur",cmf43u4b901a7vj9tniu23ifq
cmf43u4du01g3vj9tcrgq7ova,"Qu'est-ce qu'une famille?","Qu'est-ce qu'une famille?","ma famille et mon foyer",cmf43u4dt01g1vj9ttvobzgo4
cmf43u4dw01g7vj9t86laif58,"Les personnes dans ma famille","Les personnes dans ma famille","ma famille et mon foyer",cmf43u4dt01g1vj9ttvobzgo4
cmf43u4dx01g9vj9t7x4okqvs,"Qui fait quoi dans ma famille?","Qui fait quoi dans ma famille?","ma famille et mon foyer",cmf43u4dt01g1vj9ttvobzgo4
cmf43u4dy01gbvj9t0nqtm8zi,"Comment ma famille prend soin de moi","Comment ma famille prend soin de moi","ma famille et mon foyer",cmf43u4dt01g1vj9ttvobzgo4
cmf43u4dy01gdvj9tfcsbalgt,"Comment j'aide ma famille","Comment j'aide ma famille","ma famille et mon foyer",cmf43u4dt01g1vj9ttvobzgo4
cmf43u4dz01gfvj9t4ktz7yzx,"Les familles de mes amis","Les familles de mes amis","ma famille et mon foyer",cmf43u4dt01g1vj9ttvobzgo4
cmf43u4e001ghvj9tvlfvqdxl,"Les traditions de ma famille","Les traditions de ma famille","ma famille et mon foyer",cmf43u4dt01g1vj9ttvobzgo4
cmf43u4e201gjvj9tzts69vn3,"Comment ma famille célèbre","Comment ma famille célèbre","ma famille et mon foyer",cmf43u4dt01g1vj9ttvobzgo4
cmf43u4e201glvj9tvv5z237g,"La nourriture dans ma famille","La nourriture dans ma famille","ma famille et mon foyer",cmf43u4dt01g1vj9ttvobzgo4
cmf43u4e301gnvj9tfk6qlm4h,"Où vit ma famille?","Où vit ma famille?","ma famille et mon foyer",cmf43u4dt01g1vj9ttvobzgo4
cmf43u4e401gpvj9t7zcc725t,"Les espaces spéciaux de ma famille","Les espaces spéciaux de ma famille","ma famille et mon foyer",cmf43u4dt01g1vj9ttvobzgo4
cmf43u4e501grvj9t276to44m,"Comment les familles communiquent","Comment les familles communiquent","ma famille et mon foyer",cmf43u4dt01g1vj9ttvobzgo4
cmf43u4e601gtvj9t1x0pm1jn,"Les familles dans notre communauté","Les familles dans notre communauté","ma famille et mon foyer",cmf43u4dt01g1vj9ttvobzgo4
cmf43u4e701gvvj9tg4g7axjt,"Créer un livre de famille","Créer un livre de famille","ma famille et mon foyer",cmf43u4dt01g1vj9ttvobzgo4
cmf43u4e801gxvj9tve5fppzk,"Exposition de familles","Exposition de familles","ma famille et mon foyer",cmf43u4dt01g1vj9ttvobzgo4
cmf43u4e901gzvj9tfb8tb4bu,"Jeu de rôles: Ma famille","Jeu de rôles: Ma famille","ma famille et mon foyer",cmf43u4dt01g1vj9ttvobzgo4
cmf43u4ea01h1vj9txv83gopy,"Lettres à ma famille","Lettres à ma famille","ma famille et mon foyer",cmf43u4dt01g1vj9ttvobzgo4
cmf43u4ec01h5vj9tb9r9vwp3,"Je suis fier de ma famille","Je suis fier de ma famille","ma famille et mon foyer",cmf43u4dt01g1vj9ttvobzgo4
cmf43u3sb004vvj9t7xwitdox,"Bonjour les couleurs!","Bonjour les couleurs!","magie couleurs",cmf43u3sa004tvj9twk6jfwe4
cmf43u3sc004xvj9tixig8esp,"Les couleurs ont des sentiments","Les couleurs ont des sentiments","magie couleurs",cmf43u3sa004tvj9twk6jfwe4
cmf43u3sd004zvj9txpcszbgj,"Rouge comme...","Rouge comme...","magie couleurs",cmf43u3sa004tvj9twk6jfwe4
cmf43u3se0051vj9tt0473opj,"Bleu comme le ciel","Bleu comme le ciel","magie couleurs",cmf43u3sa004tvj9twk6jfwe4
cmf43u3se0053vj9t8l0vdlui,"Jaune comme le soleil","Jaune comme le soleil","magie couleurs",cmf43u3sa004tvj9twk6jfwe4
cmf43u3sf0055vj9tqix7153s,"Mélanges magiques: Rouge + Jaune","Mélanges magiques: Rouge + Jaune","magie couleurs",cmf43u3sa004tvj9twk6jfwe4
cmf43u3sg0057vj9tpdhhma5g,"Mélanges magiques: Bleu + Jaune","Mélanges magiques: Bleu + Jaune","magie couleurs",cmf43u3sa004tvj9twk6jfwe4
cmf43u3sh0059vj9tuueecpvp,"Mélanges magiques: Rouge + Bleu","Mélanges magiques: Rouge + Bleu","magie couleurs",cmf43u3sa004tvj9twk6jfwe4
cmf43u3si005bvj9tdnvjz39u,"L'automne en couleurs","L'automne en couleurs","magie couleurs",cmf43u3sa004tvj9twk6jfwe4
cmf43u3sj005dvj9t5ud68vov,"L'hiver en couleurs","L'hiver en couleurs","magie couleurs",cmf43u3sa004tvj9twk6jfwe4
cmf43u3sj005fvj9t1fm84dmh,"Couleurs dans ma famille","Couleurs dans ma famille","magie couleurs",cmf43u3sa004tvj9twk6jfwe4
cmf43u3sk005hvj9tvxoqdzhq,"Mon arc-en-ciel d'émotions","Mon arc-en-ciel d'émotions","magie couleurs",cmf43u3sa004tvj9twk6jfwe4
cmf43u3sl005jvj9t9ykat140,"Artistes et leurs couleurs","Artistes et leurs couleurs","magie couleurs",cmf43u3sa004tvj9twk6jfwe4
cmf43u3sm005lvj9tft1od6mp,"Ma création colorée","Ma création colorée","magie couleurs",cmf43u3sa004tvj9twk6jfwe4
cmf43u3sn005nvj9t1c866zg4,"Couleurs dans notre école","Couleurs dans notre école","magie couleurs",cmf43u3sa004tvj9twk6jfwe4
cmf43u3so005pvj9tbx48x9et,"Peinture libre avec couleurs chaudes","Peinture libre avec couleurs chaudes","magie couleurs",cmf43u3sa004tvj9twk6jfwe4
cmf43u3so005rvj9t6sj20lsp,"Peinture libre avec couleurs froides","Peinture libre avec couleurs froides","magie couleurs",cmf43u3sa004tvj9twk6jfwe4
cmf43u3sp005tvj9t4q0zkp4x,"Couleurs de nos jouets favoris","Couleurs de nos jouets favoris","magie couleurs",cmf43u3sa004tvj9twk6jfwe4
cmf43u3sq005vvj9tjlwsqlus,"Histoire colorée en images","Histoire colorée en images","magie couleurs",cmf43u3sa004tvj9twk6jfwe4
cmf43u3sr005xvj9t99krmsf6,"Célébration de nos couleurs magiques","Célébration de nos couleurs magiques","magie couleurs",cmf43u3sa004tvj9twk6jfwe4
cmf43u4bs01bfvj9t9rax4v59,"Qu'est-ce qu'un matériau?","Qu'est-ce qu'un matériau?",materiaux,cmf43u4br01bdvj9tco27tjwx
cmf43u4bt01bhvj9te8274gg7,"Découvrir le bois","Découvrir le bois",materiaux,cmf43u4br01bdvj9tco27tjwx
cmf43u4bu01bjvj9tq00nesg8,"Explorer les propriétés du bois","Explorer les propriétés du bois",materiaux,cmf43u4br01bdvj9tco27tjwx
cmf43u4bv01blvj9tv09706md,"Qu'est-ce que le plastique?","Qu'est-ce que le plastique?",materiaux,cmf43u4br01bdvj9tco27tjwx
cmf43u4bw01bnvj9tti682ppl,"Propriétés du plastique","Propriétés du plastique",materiaux,cmf43u4br01bdvj9tco27tjwx
cmf43u4bw01bpvj9t82c0jyl6,"Découvrir le métal","Découvrir le métal",materiaux,cmf43u4br01bdvj9tco27tjwx
cmf43u4bx01brvj9tnyyki44n,"Propriétés du métal","Propriétés du métal",materiaux,cmf43u4br01bdvj9tco27tjwx
cmf43u4by01btvj9t5lt89lf4,"Découvrir les tissus","Découvrir les tissus",materiaux,cmf43u4br01bdvj9tco27tjwx
cmf43u4bz01bvvj9t4fnx66tt,"Propriétés des tissus","Propriétés des tissus",materiaux,cmf43u4br01bdvj9tco27tjwx
cmf43u4c001bxvj9tmjcfq664,"Comparons les quatre matériaux","Comparons les quatre matériaux",materiaux,cmf43u4br01bdvj9tco27tjwx
cmf43u4c101bzvj9tgqos9iq7,"Tester la résistance","Tester la résistance",materiaux,cmf43u4br01bdvj9tco27tjwx
cmf43u4c201c1vj9tpe9w1yi6,"Tester la résistance à l'eau","Tester la résistance à l'eau",materiaux,cmf43u4br01bdvj9tco27tjwx
cmf43u4c201c3vj9tywux63fw,"Les matériaux et leurs usages","Les matériaux et leurs usages",materiaux,cmf43u4br01bdvj9tco27tjwx
cmf43u4c301c5vj9t7qh46o0d,"Notre musée des matériaux","Notre musée des matériaux",materiaux,cmf43u4br01bdvj9tco27tjwx
cmf43u4c401c7vj9tm9akzowr,"Recyclage des matériaux","Recyclage des matériaux",materiaux,cmf43u4br01bdvj9tco27tjwx
cmf43u4c501c9vj9tztwin1tr,"Inventer avec des matériaux","Inventer avec des matériaux",materiaux,cmf43u4br01bdvj9tco27tjwx
cmf43u4c601cbvj9tcxtdawtd,"Matériaux dans la nature","Matériaux dans la nature",materiaux,cmf43u4br01bdvj9tco27tjwx
cmf43u4c701cdvj9tzy6zqdc6,"Matériaux et les saisons","Matériaux et les saisons",materiaux,cmf43u4br01bdvj9tco27tjwx
cmf43u4c701cfvj9tc7h5sxhs,"Présentation d'experts en matériaux","Présentation d'experts en matériaux",materiaux,cmf43u4br01bdvj9tco27tjwx
cmf43u4c801chvj9tes6alv7j,"Fête des explorateurs de matériaux","Fête des explorateurs de matériaux",materiaux,cmf43u4br01bdvj9tco27tjwx
cmf43u44t00w9vj9t4fj8xpd0,"Comparer avec nos mains","Comparer avec nos mains","mesure non standard",cmf43u44s00w7vj9txwdvcec6
cmf43u44u00wbvj9tzu3du404,"Nos pieds comme règles","Nos pieds comme règles","mesure non standard",cmf43u44s00w7vj9txwdvcec6
cmf43u44u00wdvj9t0rvuvcpp,"Blocs et cubes partout","Blocs et cubes partout","mesure non standard",cmf43u44s00w7vj9txwdvcec6
cmf43u44v00wfvj9tw2zmnqhf,"Trombones magiques","Trombones magiques","mesure non standard",cmf43u44s00w7vj9txwdvcec6
cmf43u44w00whvj9tjx22p71u,"Choisir la bonne unité","Choisir la bonne unité","mesure non standard",cmf43u44s00w7vj9txwdvcec6
cmf43u44x00wjvj9t4msejl0z,"Comparer nos mesures","Comparer nos mesures","mesure non standard",cmf43u44s00w7vj9txwdvcec6
cmf43u44y00wlvj9t8sxgrl6t,"Mesurer ensemble","Mesurer ensemble","mesure non standard",cmf43u44s00w7vj9txwdvcec6
cmf43u44z00wnvj9tmaly35f8,"Prédire avant de mesurer","Prédire avant de mesurer","mesure non standard",cmf43u44s00w7vj9txwdvcec6
cmf43u45000wpvj9tfk67c0lk,"Objets longs et courts","Objets longs et courts","mesure non standard",cmf43u44s00w7vj9txwdvcec6
cmf43u45100wrvj9t5cxf7o24,"Mesurer des courbes","Mesurer des courbes","mesure non standard",cmf43u44s00w7vj9txwdvcec6
cmf43u45200wtvj9twsbkk5te,"Hauteur et largeur","Hauteur et largeur","mesure non standard",cmf43u44s00w7vj9txwdvcec6
cmf43u45300wvvj9t4ua6dahx,"Créer nos propres unités","Créer nos propres unités","mesure non standard",cmf43u44s00w7vj9txwdvcec6
cmf43u45400wxvj9t0qfpfvmj,"Mesurer notre croissance","Mesurer notre croissance","mesure non standard",cmf43u44s00w7vj9txwdvcec6
cmf43u45500wzvj9tgrink7g8,"Mesurer pour construire","Mesurer pour construire","mesure non standard",cmf43u44s00w7vj9txwdvcec6
cmf43u45600x1vj9tbt5c18qj,"Raconter nos mesures","Raconter nos mesures","mesure non standard",cmf43u44s00w7vj9txwdvcec6
cmf43u45700x3vj9t8zqnjv31,"Défis de mesure amusants","Défis de mesure amusants","mesure non standard",cmf43u44s00w7vj9txwdvcec6
cmf43u45800x5vj9twnn4n2cx,"Mesurer dans la nature","Mesurer dans la nature","mesure non standard",cmf43u44s00w7vj9txwdvcec6
cmf43u45800x7vj9t6uupctnv,"Mesures en cuisine","Mesures en cuisine","mesure non standard",cmf43u44s00w7vj9txwdvcec6
cmf43u45900x9vj9trrgyfgek,"Exposition de nos mesures","Exposition de nos mesures","mesure non standard",cmf43u44s00w7vj9txwdvcec6
cmf43u45a00xbvj9tdb3uowjg,"Célébrons la mesure","Célébrons la mesure","mesure non standard",cmf43u44s00w7vj9txwdvcec6
cmf43u4ee01h9vj9t9kwigi2r,"Bienvenue dans notre école!","Bienvenue dans notre école!","moi et mon ecole",cmf43u4ed01h7vj9t260ojaq3
cmf43u4ef01hbvj9t6t19zen9,"Je suis un élève","Je suis un élève","moi et mon ecole",cmf43u4ed01h7vj9t260ojaq3
cmf43u4eg01hdvj9tsyopuobh,"Notre salle de classe","Notre salle de classe","moi et mon ecole",cmf43u4ed01h7vj9t260ojaq3
cmf43u4eh01hfvj9tjdhyhjst,"Les espaces de notre école","Les espaces de notre école","moi et mon ecole",cmf43u4ed01h7vj9t260ojaq3
cmf43u4ei01hhvj9trnc2k13g,"Notre directeur et secrétaire","Notre directeur et secrétaire","moi et mon ecole",cmf43u4ed01h7vj9t260ojaq3
cmf43u4ej01hjvj9t8fprzf8d,"Nos enseignants et aide-enseignants","Nos enseignants et aide-enseignants","moi et mon ecole",cmf43u4ed01h7vj9t260ojaq3
cmf43u4ek01hlvj9tbn4k78k2,"Le concierge et la cuisine","Le concierge et la cuisine","moi et mon ecole",cmf43u4ed01h7vj9t260ojaq3
cmf43u4el01hnvj9tjsdf7erd,"Les règles de notre école","Les règles de notre école","moi et mon ecole",cmf43u4ed01h7vj9t260ojaq3
cmf43u4em01hpvj9tx3f67lrz,"Comment nous résolvons les problèmes","Comment nous résolvons les problèmes","moi et mon ecole",cmf43u4ed01h7vj9t260ojaq3
cmf43u4em01hrvj9th9c1tqik,"Nos traditions scolaires","Nos traditions scolaires","moi et mon ecole",cmf43u4ed01h7vj9t260ojaq3
cmf43u4en01htvj9t2in23mwi,"Ma carte de l'école","Ma carte de l'école","moi et mon ecole",cmf43u4ed01h7vj9t260ojaq3
cmf43u4ep01hvvj9t5r1tqrjd,"Interview avec le personnel","Interview avec le personnel","moi et mon ecole",cmf43u4ed01h7vj9t260ojaq3
cmf43u4eq01hxvj9tp7wpwhvk,"Les besoins de notre école","Les besoins de notre école","moi et mon ecole",cmf43u4ed01h7vj9t260ojaq3
cmf43u4er01hzvj9t1jj07i6e,"Comment nous aidons notre école","Comment nous aidons notre école","moi et mon ecole",cmf43u4ed01h7vj9t260ojaq3
cmf43u4er01i1vj9t0iaes2yu,"Notre école dans le quartier","Notre école dans le quartier","moi et mon ecole",cmf43u4ed01h7vj9t260ojaq3
cmf43u4es01i3vj9ttwlcp7uz,"Les écoles d'hier et d'aujourd'hui","Les écoles d'hier et d'aujourd'hui","moi et mon ecole",cmf43u4ed01h7vj9t260ojaq3
cmf43u4eu01i5vj9tjlnwl36r,"Créer ensemble un projet d'école","Créer ensemble un projet d'école","moi et mon ecole",cmf43u4ed01h7vj9t260ojaq3
cmf43u4ev01i7vj9ts7c96hv8,"Présenter notre école","Présenter notre école","moi et mon ecole",cmf43u4ed01h7vj9t260ojaq3
cmf43u4ew01i9vj9tvx1jqful,"Notre célébration scolaire","Notre célébration scolaire","moi et mon ecole",cmf43u4ed01h7vj9t260ojaq3
cmf43u4ex01ibvj9tyhp40ezm,"Moi, élève et citoyen","Moi, élève et citoyen","moi et mon ecole",cmf43u4ed01h7vj9t260ojaq3
cmf43u45d00xfvj9tv7w19cz9,"Découvrir les nombres dans notre monde","Découvrir les nombres dans notre monde","nombres 0 10",cmf43u45c00xdvj9trj7k2bg7
cmf43u45e00xhvj9tajes9265,"Compter avec nos doigts","Compter avec nos doigts","nombres 0 10",cmf43u45c00xdvj9trj7k2bg7
cmf43u45f00xjvj9t93ql3oo3,"Représenter les nombres 0-3","Représenter les nombres 0-3","nombres 0 10",cmf43u45c00xdvj9trj7k2bg7
cmf43u45g00xlvj9ttbavbruw,"Explorer les nombres 4 et 5","Explorer les nombres 4 et 5","nombres 0 10",cmf43u45c00xdvj9trj7k2bg7
cmf43u45g00xnvj9tmq5vfp15,"Jeux de nombres 0-5","Jeux de nombres 0-5","nombres 0 10",cmf43u45c00xdvj9trj7k2bg7
cmf43u45h00xpvj9tbb19wip2,"Compter vers l'avant et vers l'arrière","Compter vers l'avant et vers l'arrière","nombres 0 10",cmf43u45c00xdvj9trj7k2bg7
cmf43u45i00xrvj9tocu41fmm,"Découvrir les nombres 6 et 7","Découvrir les nombres 6 et 7","nombres 0 10",cmf43u45c00xdvj9trj7k2bg7
cmf43u45j00xtvj9t25hb68aj,"Mesurer avec les nombres","Mesurer avec les nombres","nombres 0 10",cmf43u45c00xdvj9trj7k2bg7
cmf43u45k00xvvj9tws3e0qu4,"Explorer les nombres 8 et 9","Explorer les nombres 8 et 9","nombres 0 10",cmf43u45c00xdvj9trj7k2bg7
cmf43u45l00xxvj9toz3w3j14,"Le nombre magique 10","Le nombre magique 10","nombres 0 10",cmf43u45c00xdvj9trj7k2bg7
cmf43u45m00xzvj9tk2scxfnq,"Régularités avec les nombres","Régularités avec les nombres","nombres 0 10",cmf43u45c00xdvj9trj7k2bg7
cmf43u45n00y1vj9tbdin5x4w,"Comparer les nombres","Comparer les nombres","nombres 0 10",cmf43u45c00xdvj9trj7k2bg7
cmf43u45o00y3vj9t1oljzjyg,"Écrire les nombres 0-10","Écrire les nombres 0-10","nombres 0 10",cmf43u45c00xdvj9trj7k2bg7
cmf43u45p00y5vj9tpojr9ywt,"Portfolio de nombres - évaluation","Portfolio de nombres - évaluation","nombres 0 10",cmf43u45c00xdvj9trj7k2bg7
cmf43u45p00y7vj9t3u9zhih4,"Jeux de nombres amusants","Jeux de nombres amusants","nombres 0 10",cmf43u45c00xdvj9trj7k2bg7
cmf43u45q00y9vj9teliwkkne,"Art mathématique avec les nombres","Art mathématique avec les nombres","nombres 0 10",cmf43u45c00xdvj9trj7k2bg7
cmf43u45r00ybvj9two5f6m5k,"Chansons et rythmes des nombres","Chansons et rythmes des nombres","nombres 0 10",cmf43u45c00xdvj9trj7k2bg7
cmf43u45s00ydvj9tn0vjpqif,"Enquête sur les nombres dans l'école","Enquête sur les nombres dans l'école","nombres 0 10",cmf43u45c00xdvj9trj7k2bg7
cmf43u45t00yfvj9tzpkpyswj,"Histoires de nombres créatives","Histoires de nombres créatives","nombres 0 10",cmf43u45c00xdvj9trj7k2bg7
cmf43u45u00yhvj9t2694sudh,"Célébration des mathématiques","Célébration des mathématiques","nombres 0 10",cmf43u45c00xdvj9trj7k2bg7
cmf43u45w00ylvj9t61z7nr3p,"Découverte des nombres 11 et 12","Découverte des nombres 11 et 12","nombres 11 20",cmf43u45w00yjvj9tc3ls30b1
cmf43u45x00ynvj9t1i8cksf8,"Explorer 13, 14 et 15","Explorer 13, 14 et 15","nombres 11 20",cmf43u45w00yjvj9tc3ls30b1
cmf43u45y00ypvj9td08qsa9j,"Nombres 16, 17, 18, 19","Nombres 16, 17, 18, 19","nombres 11 20",cmf43u45w00yjvj9tc3ls30b1
cmf43u45z00yrvj9tgcxevvnx,"Le nombre 20 et la deuxième dizaine","Le nombre 20 et la deuxième dizaine","nombres 11 20",cmf43u45w00yjvj9tc3ls30b1
cmf43u46000ytvj9tahszhc7f,"Révision et consolidation 11-20","Révision et consolidation 11-20","nombres 11 20",cmf43u45w00yjvj9tc3ls30b1
cmf43u46100yvvj9t0fuxnger,"Compter par bonds de 10","Compter par bonds de 10","nombres 11 20",cmf43u45w00yjvj9tc3ls30b1
cmf43u46200yxvj9tlmsenpgv,"Représenter les nombres avec dizaines et unités","Représenter les nombres avec dizaines et unités","nombres 11 20",cmf43u45w00yjvj9tc3ls30b1
cmf43u46300yzvj9tqdkor5hg,"Comparer les nombres 11-20","Comparer les nombres 11-20","nombres 11 20",cmf43u45w00yjvj9tc3ls30b1
cmf43u46400z1vj9tk15e6hjw,"Patterns et régularités avec 11-20","Patterns et régularités avec 11-20","nombres 11 20",cmf43u45w00yjvj9tc3ls30b1
cmf43u46400z3vj9tvrp86rnl,"Introduction à l'addition simple avec des nombres teen","Introduction à l'addition simple avec des nombres teen","nombres 11 20",cmf43u45w00yjvj9tc3ls30b1
cmf43u46500z5vj9tnuis4cry,"Résolution de problèmes avec 11-20","Résolution de problèmes avec 11-20","nombres 11 20",cmf43u45w00yjvj9tc3ls30b1
cmf43u46600z7vj9t6m2cuaxr,"Jeux mathématiques avec 11-20","Jeux mathématiques avec 11-20","nombres 11 20",cmf43u45w00yjvj9tc3ls30b1
cmf43u46700z9vj9tnr9pt6i4,"Estimation avec les nombres 11-20","Estimation avec les nombres 11-20","nombres 11 20",cmf43u45w00yjvj9tc3ls30b1
cmf43u46800zbvj9ttnr73oiz,"Nombres ordinaux jusqu'à 20","Nombres ordinaux jusqu'à 20","nombres 11 20",cmf43u45w00yjvj9tc3ls30b1
cmf43u46900zdvj9tiqi7ydvj,"Évaluation formative et consolidation","Évaluation formative et consolidation","nombres 11 20",cmf43u45w00yjvj9tc3ls30b1
cmf43u46a00zfvj9tm8nvmdb1,"Introduction aux nombres 21-25","Introduction aux nombres 21-25","nombres 11 20",cmf43u45w00yjvj9tc3ls30b1
cmf43u46b00zhvj9t67aos43r,"Exploration libre: nombres jusqu'à 30","Exploration libre: nombres jusqu'à 30","nombres 11 20",cmf43u45w00yjvj9tc3ls30b1
cmf43u46c00zjvj9tuy9nmsbf,"Projet: Collection et comptage","Projet: Collection et comptage","nombres 11 20",cmf43u45w00yjvj9tc3ls30b1
cmf43u46d00zlvj9tfiryki4e,"Partage et célébration des apprentissages","Partage et célébration des apprentissages","nombres 11 20",cmf43u45w00yjvj9tc3ls30b1
cmf43u46e00znvj9txu69ecgb,"Réflexion et planification future","Réflexion et planification future","nombres 11 20",cmf43u45w00yjvj9tc3ls30b1
cmf43u41f00p9vj9t98kvlxav,"Notre voyage en français","Notre voyage en français","notre annee francaise",cmf43u41e00p7vj9toetbgngb
cmf43u41g00pbvj9tt0qelycv,"Nos premiers mots français","Nos premiers mots français","notre annee francaise",cmf43u41e00p7vj9toetbgngb
cmf43u41h00pdvj9t033a3h7p,"Chansons et comptines préférées","Chansons et comptines préférées","notre annee francaise",cmf43u41e00p7vj9toetbgngb
cmf43u41i00pfvj9trey1czkn,"Histoires que nous aimons","Histoires que nous aimons","notre annee francaise",cmf43u41e00p7vj9toetbgngb
cmf43u41j00phvj9t567b4wvv,"Nos réussites en français","Nos réussites en français","notre annee francaise",cmf43u41e00p7vj9toetbgngb
cmf43u41k00pjvj9tpsazrpz6,"Défis surmontés ensemble","Défis surmontés ensemble","notre annee francaise",cmf43u41e00p7vj9toetbgngb
cmf43u41l00plvj9tdtifm84e,"Amis et moments spéciaux","Amis et moments spéciaux","notre annee francaise",cmf43u41e00p7vj9toetbgngb
cmf43u41m00pnvj9tn8pxxsae,"Créations dont nous sommes fiers","Créations dont nous sommes fiers","notre annee francaise",cmf43u41e00p7vj9toetbgngb
cmf43u41n00ppvj9tefnkjcpj,"Commencer notre portfolio","Commencer notre portfolio","notre annee francaise",cmf43u41e00p7vj9toetbgngb
cmf43u41o00prvj9tu1cbk9wf,"Choisir nos meilleurs exemples","Choisir nos meilleurs exemples","notre annee francaise",cmf43u41e00p7vj9toetbgngb
cmf43u41p00ptvj9tuawgemie,"Raconter notre histoire d'apprentissage","Raconter notre histoire d'apprentissage","notre annee francaise",cmf43u41e00p7vj9toetbgngb
cmf43u41q00pvvj9tyupn9rm5,"Partager avec nos familles","Partager avec nos familles","notre annee francaise",cmf43u41e00p7vj9toetbgngb
cmf43u41r00pxvj9t1cd73kzq,"Célébrer nos progrès","Célébrer nos progrès","notre annee francaise",cmf43u41e00p7vj9toetbgngb
cmf43u41s00pzvj9texy8zi0k,"Regarder vers l'avenir","Regarder vers l'avenir","notre annee francaise",cmf43u41e00p7vj9toetbgngb
cmf43u41t00q1vj9tgslpniwq,"Jeux de révision amusants","Jeux de révision amusants","notre annee francaise",cmf43u41e00p7vj9toetbgngb
cmf43u41u00q3vj9t8slkvrog,"Spectacle de talents français","Spectacle de talents français","notre annee francaise",cmf43u41e00p7vj9toetbgngb
cmf43u41v00q5vj9t0cch3cbl,"Lettres à nous-mêmes","Lettres à nous-mêmes","notre annee francaise",cmf43u41e00p7vj9toetbgngb
cmf43u41w00q7vj9tfv0ptj20,"Cadeau pour la prochaine classe","Cadeau pour la prochaine classe","notre annee francaise",cmf43u41e00p7vj9toetbgngb
cmf43u41x00q9vj9t1dc79s9w,"Temps libre français","Temps libre français","notre annee francaise",cmf43u41e00p7vj9toetbgngb
cmf43u41y00qbvj9ta4zeqh5c,"Au revoir et à bientôt!","Au revoir et à bientôt!","notre annee francaise",cmf43u41e00p7vj9toetbgngb
cmf43u4ez01ifvj9t06icoequ,"Notre école dans la communauté","Notre école dans la communauté","notre communaute automnale",cmf43u4ey01idvj9tbdecuzuo
cmf43u4f001ihvj9tw0vgs0o5,"Les personnes qui nous aident à l'école","Les personnes qui nous aident à l'école","notre communaute automnale",cmf43u4ey01idvj9tbdecuzuo
cmf43u4f101ijvj9tl4v4pfgj,"Les changements d'automne dans notre communauté","Les changements d'automne dans notre communauté","notre communaute automnale",cmf43u4ey01idvj9tbdecuzuo
cmf43u4f101ilvj9tm6ma42n3,"Les gens qui nous gardent en sécurité","Les gens qui nous gardent en sécurité","notre communaute automnale",cmf43u4ey01idvj9tbdecuzuo
cmf43u4f201invj9t46a1iub3,"Visite d'un pompier à l'école","Visite d'un pompier à l'école","notre communaute automnale",cmf43u4ey01idvj9tbdecuzuo
cmf43u4f301ipvj9t1rricr1s,"Les gens qui nous aident quand nous sommes malades","Les gens qui nous aident quand nous sommes malades","notre communaute automnale",cmf43u4ey01idvj9tbdecuzuo
cmf43u4f401irvj9tqdnng63x,"Les gens qui apportent notre nourriture","Les gens qui apportent notre nourriture","notre communaute automnale",cmf43u4ey01idvj9tbdecuzuo
cmf43u4f501itvj9txaw2ao29,"Visite à l'épicerie du quartier","Visite à l'épicerie du quartier","notre communaute automnale",cmf43u4ey01idvj9tbdecuzuo
cmf43u4f601ivvj9tqu0pbkl8,"Les gens qui gardent notre communauté propre","Les gens qui gardent notre communauté propre","notre communaute automnale",cmf43u4ey01idvj9tbdecuzuo
cmf43u4f701ixvj9tmdi5y8qj,"Les activités d'automne dans notre communauté","Les activités d'automne dans notre communauté","notre communaute automnale",cmf43u4ey01idvj9tbdecuzuo
cmf43u4f801izvj9tpqiixenl,"Promenade dans le quartier en automne","Promenade dans le quartier en automne","notre communaute automnale",cmf43u4ey01idvj9tbdecuzuo
cmf43u4f901j1vj9t4cudzdkl,"Les gens qui nous aident à nous déplacer","Les gens qui nous aident à nous déplacer","notre communaute automnale",cmf43u4ey01idvj9tbdecuzuo
cmf43u4fa01j3vj9t8q5o82l6,"Les gens qui construisent et réparent","Les gens qui construisent et réparent","notre communaute automnale",cmf43u4ey01idvj9tbdecuzuo
cmf43u4fa01j5vj9trbl5oej6,"Comment nous pouvons aider notre communauté","Comment nous pouvons aider notre communauté","notre communaute automnale",cmf43u4ey01idvj9tbdecuzuo
cmf43u4fb01j7vj9tuf9mqlio,"Créer une carte de notre communauté","Créer une carte de notre communauté","notre communaute automnale",cmf43u4ey01idvj9tbdecuzuo
cmf43u4fc01j9vj9t02ca67hs,"Dessiner nos héros communautaires","Dessiner nos héros communautaires","notre communaute automnale",cmf43u4ey01idvj9tbdecuzuo
cmf43u4fd01jbvj9t4zuo5154,"Jeu de rôles: Nous sommes des aides communautaires","Jeu de rôles: Nous sommes des aides communautaires","notre communaute automnale",cmf43u4ey01idvj9tbdecuzuo
cmf43u4fe01jdvj9tsefd1cnh,"Lettres de remerciement aux aides communautaires","Lettres de remerciement aux aides communautaires","notre communaute automnale",cmf43u4ey01idvj9tbdecuzuo
cmf43u4fe01jfvj9tl15o9j7p,"Célébration des aides communautaires","Célébration des aides communautaires","notre communaute automnale",cmf43u4ey01idvj9tbdecuzuo
cmf43u4ff01jhvj9tulojyudn,"Nous faisons partie de notre communauté automnale","Nous faisons partie de notre communauté automnale","notre communaute automnale",cmf43u4ey01idvj9tbdecuzuo
cmf43u3st0061vj9tyby2mbfi,"Qu'est-ce qu'une galerie?","Qu'est-ce qu'une galerie?","notre galerie art francaise",cmf43u3ss005zvj9tpe37uas4
cmf43u3st0063vj9tu4t5wn6a,"Rôles dans une galerie","Rôles dans une galerie","notre galerie art francaise",cmf43u3ss005zvj9tpe37uas4
cmf43u3su0065vj9tifabj3jv,"Sélection d'œuvres","Sélection d'œuvres","notre galerie art francaise",cmf43u3ss005zvj9tpe37uas4
cmf43u3sv0067vj9t45fo5q51,"Présentation et affichage","Présentation et affichage","notre galerie art francaise",cmf43u3ss005zvj9tpe37uas4
cmf43u3sw0069vj9t2inb8sne,"Étiquettes et information","Étiquettes et information","notre galerie art francaise",cmf43u3ss005zvj9tpe37uas4
cmf43u3sx006bvj9tac57rd9o,"Parcours de visite","Parcours de visite","notre galerie art francaise",cmf43u3ss005zvj9tpe37uas4
cmf43u3sx006dvj9tcd8yekz1,"Vernissage et inauguration","Vernissage et inauguration","notre galerie art francaise",cmf43u3ss005zvj9tpe37uas4
cmf43u3sy006fvj9t4osydyn6,"Visite guidée","Visite guidée","notre galerie art francaise",cmf43u3ss005zvj9tpe37uas4
cmf43u3sz006hvj9t1fqhjsgl,"Critique et évaluation","Critique et évaluation","notre galerie art francaise",cmf43u3ss005zvj9tpe37uas4
cmf43u3t0006jvj9tgi3gz031,"Art français célèbre","Art français célèbre","notre galerie art francaise",cmf43u3ss005zvj9tpe37uas4
cmf43u3t0006lvj9tkwg3ch1a,"Techniques françaises traditionnelles","Techniques françaises traditionnelles","notre galerie art francaise",cmf43u3ss005zvj9tpe37uas4
cmf43u3t1006nvj9tads9cot6,"Galerie virtuelle","Galerie virtuelle","notre galerie art francaise",cmf43u3ss005zvj9tpe37uas4
cmf43u3t2006pvj9t5e8v5na6,"Échange avec d'autres galeries","Échange avec d'autres galeries","notre galerie art francaise",cmf43u3ss005zvj9tpe37uas4
cmf43u3t3006rvj9te8vz4y2f,"Évolution de la galerie","Évolution de la galerie","notre galerie art francaise",cmf43u3ss005zvj9tpe37uas4
cmf43u4fh01jlvj9twvq1v34n,"Qu'est-ce qu'un quartier?","Qu'est-ce qu'un quartier?","notre quartier et voisinage",cmf43u4fh01jjvj9t2au0jcod
cmf43u4fi01jnvj9tdu1rwafc,"Ma maison dans mon quartier","Ma maison dans mon quartier","notre quartier et voisinage",cmf43u4fh01jjvj9t2au0jcod
cmf43u4fj01jpvj9trj8lq7sn,"Les maisons de mes voisins","Les maisons de mes voisins","notre quartier et voisinage",cmf43u4fh01jjvj9t2au0jcod
cmf43u4fk01jrvj9tkgnqfhcs,"Les rues de mon quartier","Les rues de mon quartier","notre quartier et voisinage",cmf43u4fh01jjvj9t2au0jcod
cmf43u4fl01jtvj9t2ss7wnqt,"Promenade de sécurité dans le quartier","Promenade de sécurité dans le quartier","notre quartier et voisinage",cmf43u4fh01jjvj9t2au0jcod
cmf43u4fm01jvvj9tq4iqeyw9,"Les commerces près de chez moi","Les commerces près de chez moi","notre quartier et voisinage",cmf43u4fh01jjvj9t2au0jcod
cmf43u4fn01jxvj9t66x18gru,"Qui travaille dans mon quartier?","Qui travaille dans mon quartier?","notre quartier et voisinage",cmf43u4fh01jjvj9t2au0jcod
cmf43u4fn01jzvj9t7j2yp5lp,"Les services publics de mon quartier","Les services publics de mon quartier","notre quartier et voisinage",cmf43u4fh01jjvj9t2au0jcod
cmf43u4fo01k1vj9tpksft2ty,"Ma carte du quartier","Ma carte du quartier","notre quartier et voisinage",cmf43u4fh01jjvj9t2au0jcod
cmf43u4fp01k3vj9tpi2kcnxc,"Exploration guidée du quartier","Exploration guidée du quartier","notre quartier et voisinage",cmf43u4fh01jjvj9t2au0jcod
cmf43u4fq01k5vj9tp58yoaf6,"Les changements dans mon quartier","Les changements dans mon quartier","notre quartier et voisinage",cmf43u4fh01jjvj9t2au0jcod
cmf43u4fr01k7vj9tl73hrmai,"Comment prendre soin de mon quartier","Comment prendre soin de mon quartier","notre quartier et voisinage",cmf43u4fh01jjvj9t2au0jcod
cmf43u4fs01k9vj9tewuau9r1,"Les transports dans mon quartier","Les transports dans mon quartier","notre quartier et voisinage",cmf43u4fh01jjvj9t2au0jcod
cmf43u4fs01kbvj9trblcmb85,"Les espaces verts de mon quartier","Les espaces verts de mon quartier","notre quartier et voisinage",cmf43u4fh01jjvj9t2au0jcod
cmf43u4ft01kdvj9ticntyoiw,"Rencontrer des voisins","Rencontrer des voisins","notre quartier et voisinage",cmf43u4fh01jjvj9t2au0jcod
cmf43u4fu01kfvj9t0rp6lr48,"Les événements du quartier","Les événements du quartier","notre quartier et voisinage",cmf43u4fh01jjvj9t2au0jcod
cmf43u4fv01khvj9tffxhu36i,"Problèmes et solutions du quartier","Problèmes et solutions du quartier","notre quartier et voisinage",cmf43u4fh01jjvj9t2au0jcod
cmf43u4fw01kjvj9tryvdzi2a,"Projet d'amélioration du quartier","Projet d'amélioration du quartier","notre quartier et voisinage",cmf43u4fh01jjvj9t2au0jcod
cmf43u4fx01klvj9t6pgy6f1u,"Présenter mon quartier","Présenter mon quartier","notre quartier et voisinage",cmf43u4fh01jjvj9t2au0jcod
cmf43u4fy01knvj9tswrgzdo2,"Je suis fier de mon quartier","Je suis fier de mon quartier","notre quartier et voisinage",cmf43u4fh01jjvj9t2au0jcod
cmf43u3w200dlvj9tf6okfb01,"Qu'est-ce que la nutrition?","Qu'est-ce que la nutrition?","nutrition et mode de vie sain",cmf43u3w100djvj9tcb1vpxv9
cmf43u3w300dnvj9t0gpp0w6s,"Mon corps a faim","Mon corps a faim","nutrition et mode de vie sain",cmf43u3w100djvj9tcb1vpxv9
cmf43u3w300dpvj9tay0gic5m,"Les couleurs dans mon assiette","Les couleurs dans mon assiette","nutrition et mode de vie sain",cmf43u3w100djvj9tcb1vpxv9
cmf43u3w400drvj9trgb4tvf0,"Les fruits et légumes","Les fruits et légumes","nutrition et mode de vie sain",cmf43u3w100djvj9tcb1vpxv9
cmf43u3w500dtvj9tijg4p241,"Les céréales et grains","Les céréales et grains","nutrition et mode de vie sain",cmf43u3w100djvj9tcb1vpxv9
cmf43u3w600dvvj9t3ovkn7vi,"Le lait et les produits laitiers","Le lait et les produits laitiers","nutrition et mode de vie sain",cmf43u3w100djvj9tcb1vpxv9
cmf43u3w700dxvj9tlbvwyvv2,"Les protéines","Les protéines","nutrition et mode de vie sain",cmf43u3w100djvj9tcb1vpxv9
cmf43u3w800dzvj9tb4j99wnn,"L'eau, c'est la vie","L'eau, c'est la vie","nutrition et mode de vie sain",cmf43u3w100djvj9tcb1vpxv9
cmf43u3w800e1vj9t0jwzk4z9,"Bouger pour être en santé","Bouger pour être en santé","nutrition et mode de vie sain",cmf43u3w100djvj9tcb1vpxv9
cmf43u3w900e3vj9tlo9t7f4h,"Jeux actifs et amusants","Jeux actifs et amusants","nutrition et mode de vie sain",cmf43u3w100djvj9tcb1vpxv9
cmf43u3wa00e5vj9tx00uain1,"Le sommeil réparateur","Le sommeil réparateur","nutrition et mode de vie sain",cmf43u3w100djvj9tcb1vpxv9
cmf43u3wb00e7vj9thohwpet4,"Se laver les mains","Se laver les mains","nutrition et mode de vie sain",cmf43u3w100djvj9tcb1vpxv9
cmf43u3wc00e9vj9t08nyvfbf,"Hygiène personnelle quotidienne","Hygiène personnelle quotidienne","nutrition et mode de vie sain",cmf43u3w100djvj9tcb1vpxv9
cmf43u3wd00ebvj9tk2anqgkw,"Ma collation santé","Ma collation santé","nutrition et mode de vie sain",cmf43u3w100djvj9tcb1vpxv9
cmf43u3wd00edvj9tyzhcj89q,"Chef en herbe - salade de fruits","Chef en herbe - salade de fruits","nutrition et mode de vie sain",cmf43u3w100djvj9tcb1vpxv9
cmf43u3we00efvj9t2vzzq4hj,"Petit restaurant santé","Petit restaurant santé","nutrition et mode de vie sain",cmf43u3w100djvj9tcb1vpxv9
cmf43u3wf00ehvj9tfjvsy1np,"Olympiques de la santé","Olympiques de la santé","nutrition et mode de vie sain",cmf43u3w100djvj9tcb1vpxv9
cmf43u3wg00ejvj9tgx9b106y,"Détectives de la nutrition","Détectives de la nutrition","nutrition et mode de vie sain",cmf43u3w100djvj9tcb1vpxv9
cmf43u3wh00elvj9t8l0ov9qv,"Jardinage en classe","Jardinage en classe","nutrition et mode de vie sain",cmf43u3w100djvj9tcb1vpxv9
cmf43u3wi00envj9tut952atb,"Célébration de la vie saine","Célébration de la vie saine","nutrition et mode de vie sain",cmf43u3w100djvj9tcb1vpxv9
cmf43u4cb01clvj9td4l0xx0p,"Bienvenue dans notre laboratoire scientifique","Bienvenue dans notre laboratoire scientifique","petits scientifiques",cmf43u4ca01cjvj9t5oghlh0g
cmf43u4cc01cnvj9tc5wdd6un,"Nos règles de sécurité en sciences","Nos règles de sécurité en sciences","petits scientifiques",cmf43u4ca01cjvj9t5oghlh0g
cmf43u4cc01cpvj9t61luh1kg,"Observer avec nos yeux de scientifiques","Observer avec nos yeux de scientifiques","petits scientifiques",cmf43u4ca01cjvj9t5oghlh0g
cmf43u4cd01crvj9trzw7jrlp,"Écouter comme des scientifiques","Écouter comme des scientifiques","petits scientifiques",cmf43u4ca01cjvj9t5oghlh0g
cmf43u4ce01ctvj9t3gzvf60k,"Sentir en sécurité","Sentir en sécurité","petits scientifiques",cmf43u4ca01cjvj9t5oghlh0g
cmf43u4cf01cvvj9tj5nfqmra,"Toucher avec précaution","Toucher avec précaution","petits scientifiques",cmf43u4ca01cjvj9t5oghlh0g
cmf43u4cg01cxvj9tfxfbjflg,"Nos outils de scientifiques","Nos outils de scientifiques","petits scientifiques",cmf43u4ca01cjvj9t5oghlh0g
cmf43u4ch01czvj9tamqmdrbr,"Explorer avec une loupe","Explorer avec une loupe","petits scientifiques",cmf43u4ca01cjvj9t5oghlh0g
cmf43u4ci01d1vj9tgbt884fn,"Mesurer avec des outils","Mesurer avec des outils","petits scientifiques",cmf43u4ca01cjvj9t5oghlh0g
cmf43u4ci01d3vj9twpw5d88t,"Dessiner nos observations","Dessiner nos observations","petits scientifiques",cmf43u4ca01cjvj9t5oghlh0g
cmf43u4cj01d5vj9try7b1mag,"Trier et classer nos découvertes","Trier et classer nos découvertes","petits scientifiques",cmf43u4ca01cjvj9t5oghlh0g
cmf43u4ck01d7vj9trs2scwhs,"Prédire et vérifier","Prédire et vérifier","petits scientifiques",cmf43u4ca01cjvj9t5oghlh0g
cmf43u4cl01d9vj9tdjkmzfah,"Expérience simple avec l'eau","Expérience simple avec l'eau","petits scientifiques",cmf43u4ca01cjvj9t5oghlh0g
cmf43u4cm01dbvj9t93y5a4ik,"Partager nos découvertes","Partager nos découvertes","petits scientifiques",cmf43u4ca01cjvj9t5oghlh0g
cmf43u4cn01ddvj9tm3iexbvs,"Scientifiques dans la nature","Scientifiques dans la nature","petits scientifiques",cmf43u4ca01cjvj9t5oghlh0g
cmf43u4co01dfvj9t9tm4mhkj,"Questions de scientifiques curieux","Questions de scientifiques curieux","petits scientifiques",cmf43u4ca01cjvj9t5oghlh0g
cmf43u4co01dhvj9t33pdlki2,"Mini-laboratoire à la maison","Mini-laboratoire à la maison","petits scientifiques",cmf43u4ca01cjvj9t5oghlh0g
cmf43u4cp01djvj9teifgszra,"Aider les autres à être sécuritaires","Aider les autres à être sécuritaires","petits scientifiques",cmf43u4ca01cjvj9t5oghlh0g
cmf43u4cq01dlvj9tjvgx8qx3,"Nos outils de scientifiques à la maison","Nos outils de scientifiques à la maison","petits scientifiques",cmf43u4ca01cjvj9t5oghlh0g
cmf43u4cr01dnvj9t8bgzb9z3,"Célébration des petits scientifiques","Célébration des petits scientifiques","petits scientifiques",cmf43u4ca01cjvj9t5oghlh0g
cmf43u42000qfvj9tyi45d02t,"Découverte des sons autour de nous","Découverte des sons autour de nous","poesie et rythmes",cmf43u42000qdvj9tcphqdx6c
cmf43u42100qhvj9ttyjlwkm3,"Mon corps fait de la musique","Mon corps fait de la musique","poesie et rythmes",cmf43u42000qdvj9tcphqdx6c
cmf43u42200qjvj9tbcmwxinv,"Les animaux chantent aussi","Les animaux chantent aussi","poesie et rythmes",cmf43u42000qdvj9tcphqdx6c
cmf43u42300qlvj9t0qr3qky0,"Répéter comme un écho","Répéter comme un écho","poesie et rythmes",cmf43u42000qdvj9tcphqdx6c
cmf43u42400qnvj9tvsuoosn2,"Mes premiers mots rythmés","Mes premiers mots rythmés","poesie et rythmes",cmf43u42000qdvj9tcphqdx6c
cmf43u42500qpvj9tvlsj3frb,"Comptines simples et mouvements","Comptines simples et mouvements","poesie et rythmes",cmf43u42000qdvj9tcphqdx6c
cmf43u42600qrvj9t1tpefl6h,"Inventer des rythmes ensemble","Inventer des rythmes ensemble","poesie et rythmes",cmf43u42000qdvj9tcphqdx6c
cmf43u42700qtvj9t3wh1f7gd,"Émotions dans ma voix","Émotions dans ma voix","poesie et rythmes",cmf43u42000qdvj9tcphqdx6c
cmf43u42800qvvj9tii2nihpe,"Rimes qui résonnent","Rimes qui résonnent","poesie et rythmes",cmf43u42000qdvj9tcphqdx6c
cmf43u42800qxvj9t6ssl5dxo,"Tempo: vite et lentement","Tempo: vite et lentement","poesie et rythmes",cmf43u42000qdvj9tcphqdx6c
cmf43u42900qzvj9tm5fy4ga3,"Ma première performance","Ma première performance","poesie et rythmes",cmf43u42000qdvj9tcphqdx6c
cmf43u42a00r1vj9t5zgdbbjc,"Jouer avec les mots drôles","Jouer avec les mots drôles","poesie et rythmes",cmf43u42000qdvj9tcphqdx6c
cmf43u42b00r3vj9tnx7yru5h,"Raconter avec le rythme","Raconter avec le rythme","poesie et rythmes",cmf43u42000qdvj9tcphqdx6c
cmf43u42c00r5vj9t7ei74lwa,"Célébrer nos créations","Célébrer nos créations","poesie et rythmes",cmf43u42000qdvj9tcphqdx6c
cmf43u42d00r7vj9troi6e5pa,"Partager notre musicalité","Partager notre musicalité","poesie et rythmes",cmf43u42000qdvj9tcphqdx6c
cmf43u42e00r9vj9tbmfv5o6c,"Rythmes du monde francophone","Rythmes du monde francophone","poesie et rythmes",cmf43u42000qdvj9tcphqdx6c
cmf43u42e00rbvj9tcuir04dd,"Poésie et nature","Poésie et nature","poesie et rythmes",cmf43u42000qdvj9tcphqdx6c
cmf43u42f00rdvj9thmevyilg,"Instruments et voix ensemble","Instruments et voix ensemble","poesie et rythmes",cmf43u42000qdvj9tcphqdx6c
cmf43u42g00rfvj9th5eui6oy,"Créer un spectacle de classe","Créer un spectacle de classe","poesie et rythmes",cmf43u42000qdvj9tcphqdx6c
cmf43u42h00rhvj9tkvwnr45r,"Notre héritage rythmique","Notre héritage rythmique","poesie et rythmes",cmf43u42000qdvj9tcphqdx6c
cmf43u3t5006xvj9tcs0fj7y4,"Bonjour l'art!","Bonjour l'art!","premiers pas artistiques",cmf43u3t5006vvj9tb8txx7h5
cmf43u3t6006zvj9tqg2dcvzn,"Mes yeux découvrent","Mes yeux découvrent","premiers pas artistiques",cmf43u3t5006vvj9tb8txx7h5
cmf43u3t70071vj9thixwqqwe,"J'aime, j'aime pas","J'aime, j'aime pas","premiers pas artistiques",cmf43u3t5006vvj9tb8txx7h5
cmf43u3t80073vj9tf1s39n16,"Mes mains créent","Mes mains créent","premiers pas artistiques",cmf43u3t5006vvj9tb8txx7h5
cmf43u3t90075vj9ttb2jti1v,"Lignes partout!","Lignes partout!","premiers pas artistiques",cmf43u3t5006vvj9tb8txx7h5
cmf43u3t90077vj9tugnwxhgm,"Formes magiques","Formes magiques","premiers pas artistiques",cmf43u3t5006vvj9tb8txx7h5
cmf43u3ta0079vj9trvao3z72,"Couleurs vivantes","Couleurs vivantes","premiers pas artistiques",cmf43u3t5006vvj9tb8txx7h5
cmf43u3tb007bvj9to90xhvgd,"Textures à toucher","Textures à toucher","premiers pas artistiques",cmf43u3t5006vvj9tb8txx7h5
cmf43u3tc007dvj9tyfatrizr,"Mes sentiments en art","Mes sentiments en art","premiers pas artistiques",cmf43u3t5006vvj9tb8txx7h5
cmf43u3td007fvj9tk5q6i3pt,"Outils d'artiste","Outils d'artiste","premiers pas artistiques",cmf43u3t5006vvj9tb8txx7h5
cmf43u3td007hvj9t8h3cz6fy,"Techniques nouvelles","Techniques nouvelles","premiers pas artistiques",cmf43u3t5006vvj9tb8txx7h5
cmf43u3te007jvj9trk9ul1mv,"Mon style unique","Mon style unique","premiers pas artistiques",cmf43u3t5006vvj9tb8txx7h5
cmf43u3tf007lvj9t5vycdhtp,"Partager mes idées","Partager mes idées","premiers pas artistiques",cmf43u3t5006vvj9tb8txx7h5
cmf43u3tg007nvj9tupbo0hyi,"Art dans ma vie","Art dans ma vie","premiers pas artistiques",cmf43u3t5006vvj9tb8txx7h5
cmf43u3th007pvj9t3l3q8xtc,"Atelier libre","Atelier libre","premiers pas artistiques",cmf43u3t5006vvj9tb8txx7h5
cmf43u3th007rvj9tauiatcaf,"Collaboration artistique","Collaboration artistique","premiers pas artistiques",cmf43u3t5006vvj9tb8txx7h5
cmf43u3ti007tvj9tkuc59vmz,"Art en grand","Art en grand","premiers pas artistiques",cmf43u3t5006vvj9tb8txx7h5
cmf43u3tk007xvj9tzcjz8hm6,"Art et nature","Art et nature","premiers pas artistiques",cmf43u3t5006vvj9tb8txx7h5
cmf43u3tl007zvj9t4g0dg3sa,"Célébration artistique","Célébration artistique","premiers pas artistiques",cmf43u3t5006vvj9tb8txx7h5
cmf43u46h00zrvj9tr8csiifz,"Découverte des motifs autour de nous","Découverte des motifs autour de nous","regularites et relations",cmf43u46g00zpvj9tw2pwyb6r
cmf43u46i00ztvj9t56px2xby,"Construire des motifs simples","Construire des motifs simples","regularites et relations",cmf43u46g00zpvj9tw2pwyb6r
cmf43u46j00zvvj9tskuwennz,"Motifs sonores et corporels","Motifs sonores et corporels","regularites et relations",cmf43u46g00zpvj9tw2pwyb6r
cmf43u46k00zxvj9thil96jzf,"Trier et classer nos trésors","Trier et classer nos trésors","regularites et relations",cmf43u46g00zpvj9tw2pwyb6r
cmf43u46l00zzvj9t2eo5pj16,"Prédire la suite des motifs","Prédire la suite des motifs","regularites et relations",cmf43u46g00zpvj9tw2pwyb6r
cmf43u46l0101vj9tf15moha3,"Motifs complexes ABC","Motifs complexes ABC","regularites et relations",cmf43u46g00zpvj9tw2pwyb6r
cmf43u46m0103vj9th9afxmv4,"Motifs dans la nature","Motifs dans la nature","regularites et relations",cmf43u46g00zpvj9tw2pwyb6r
cmf43u46n0105vj9tfewzhzsp,"Réparer des motifs brisés","Réparer des motifs brisés","regularites et relations",cmf43u46g00zpvj9tw2pwyb6r
cmf43u46o0107vj9tz0pf6y4e,"Comparer et contraster des motifs","Comparer et contraster des motifs","regularites et relations",cmf43u46g00zpvj9tw2pwyb6r
cmf43u46p0109vj9tb4hesm58,"Créer des motifs personnels","Créer des motifs personnels","regularites et relations",cmf43u46g00zpvj9tw2pwyb6r
cmf43u46q010bvj9tnctibdrn,"Motifs cachés - résolution de mystères","Motifs cachés - résolution de mystères","regularites et relations",cmf43u46g00zpvj9tw2pwyb6r
cmf43u46q010dvj9ttvrpza0j,"Motifs temporels et calendriers","Motifs temporels et calendriers","regularites et relations",cmf43u46g00zpvj9tw2pwyb6r
cmf43u46s010fvj9tsyp660oj,"Représenter des motifs de multiples façons","Représenter des motifs de multiples façons","regularites et relations",cmf43u46g00zpvj9tw2pwyb6r
cmf43u46s010hvj9t0my7vnj7,"Portfolio de régularités - évaluation","Portfolio de régularités - évaluation","regularites et relations",cmf43u46g00zpvj9tw2pwyb6r
cmf43u46t010jvj9tqm3u7gd1,"Art et motifs décoratifs","Art et motifs décoratifs","regularites et relations",cmf43u46g00zpvj9tw2pwyb6r
cmf43u46u010lvj9t66eov9tb,"Motifs musicaux et compositons rythmiques","Motifs musicaux et compositons rythmiques","regularites et relations",cmf43u46g00zpvj9tw2pwyb6r
cmf43u46v010nvj9tmqi6tdi3,"Motifs culturels du monde","Motifs culturels du monde","regularites et relations",cmf43u46g00zpvj9tw2pwyb6r
cmf43u46w010pvj9ttnxx1sxq,"Motifs architecturaux et constructions","Motifs architecturaux et constructions","regularites et relations",cmf43u46g00zpvj9tw2pwyb6r
cmf43u46x010rvj9tb9crxeic,"Recherche de motifs dans les livres","Recherche de motifs dans les livres","regularites et relations",cmf43u46g00zpvj9tw2pwyb6r
cmf43u46y010tvj9tc0e67gfc,"Célébration des motifs - festival créatif","Célébration des motifs - festival créatif","regularites et relations",cmf43u46g00zpvj9tw2pwyb6r
cmf43u4ct01drvj9tjrzd6kih,"Découvrir les sons autour de nous","Découvrir les sons autour de nous","sons vibrations",cmf43u4cs01dpvj9t3z11w2yu
cmf43u4cu01dtvj9t4rhs937y,"Sons forts et sons doux","Sons forts et sons doux","sons vibrations",cmf43u4cs01dpvj9t3z11w2yu
cmf43u4cv01dvvj9tr2qipxrk,"Sons aigus et sons graves","Sons aigus et sons graves","sons vibrations",cmf43u4cs01dpvj9t3z11w2yu
cmf43u4cw01dxvj9tfc4fyzsx,"D'où viennent les sons?","D'où viennent les sons?","sons vibrations",cmf43u4cs01dpvj9t3z11w2yu
cmf43u4cx01dzvj9t9r7bmaan,"Sentir les vibrations","Sentir les vibrations","sons vibrations",cmf43u4cs01dpvj9t3z11w2yu
cmf43u4cx01e1vj9tw4j9vy29,"Fabriquer un téléphone à ficelle","Fabriquer un téléphone à ficelle","sons vibrations",cmf43u4cs01dpvj9t3z11w2yu
cmf43u4cy01e3vj9t1wb240jc,"Explorer les tambours","Explorer les tambours","sons vibrations",cmf43u4cs01dpvj9t3z11w2yu
cmf43u4cz01e5vj9txa9k6qea,"Construire un kazoo","Construire un kazoo","sons vibrations",cmf43u4cs01dpvj9t3z11w2yu
cmf43u4d001e7vj9tkk9jjerq,"Bouteilles musicales","Bouteilles musicales","sons vibrations",cmf43u4cs01dpvj9t3z11w2yu
cmf43u4d101e9vj9t3n519aqm,"Maracas et shakers","Maracas et shakers","sons vibrations",cmf43u4cs01dpvj9t3z11w2yu
cmf43u4d101ebvj9t2nbsd4o1,"Guitare en boîte","Guitare en boîte","sons vibrations",cmf43u4cs01dpvj9t3z11w2yu
cmf43u4d201edvj9tembph716,"Flûte de Pan avec pailles","Flûte de Pan avec pailles","sons vibrations",cmf43u4cs01dpvj9t3z11w2yu
cmf43u4d301efvj9tihvsw7si,"Orchestre de la classe","Orchestre de la classe","sons vibrations",cmf43u4cs01dpvj9t3z11w2yu
cmf43u4d401ehvj9te5mgv94p,"Concert de démonstration","Concert de démonstration","sons vibrations",cmf43u4cs01dpvj9t3z11w2yu
cmf43u4d501ejvj9t16te8bwd,"Sons dans la nature","Sons dans la nature","sons vibrations",cmf43u4cs01dpvj9t3z11w2yu
cmf43u4d501elvj9twa2t6529,"Échos et réflexion du son","Échos et réflexion du son","sons vibrations",cmf43u4cs01dpvj9t3z11w2yu
cmf43u4d601envj9tg58r4equ,"Musique du monde","Musique du monde","sons vibrations",cmf43u4cs01dpvj9t3z11w2yu
cmf43u4d701epvj9t5ecwewjm,"Inventions sonores créatives","Inventions sonores créatives","sons vibrations",cmf43u4cs01dpvj9t3z11w2yu
cmf43u4d801ervj9ts1rlxong,"Enregistrer nos créations","Enregistrer nos créations","sons vibrations",cmf43u4cs01dpvj9t3z11w2yu
cmf43u4d901etvj9t4j7r83lf,"Festival des sons et vibrations","Festival des sons et vibrations","sons vibrations",cmf43u4cs01dpvj9t3z11w2yu
cmf43u470010xvj9tdnh10ld6,"Découvrir enlever","Découvrir enlever",soustraction,cmf43u46z010vvj9tr8bazk9v
cmf43u471010zvj9txb3aifny,"Compter à rebours","Compter à rebours",soustraction,cmf43u46z010vvj9tr8bazk9v
cmf43u4720111vj9tjbnyulvd,"Histoires de soustraction","Histoires de soustraction",soustraction,cmf43u46z010vvj9tr8bazk9v
cmf43u4730113vj9tycvjb26o,"Manipulation concrète","Manipulation concrète",soustraction,cmf43u46z010vvj9tr8bazk9v
cmf43u4740115vj9t6ly0qlzt,"Opérations inverses","Opérations inverses",soustraction,cmf43u46z010vvj9tr8bazk9v
cmf43u4760119vj9tjc7rsml1,"Soustraction avec des images","Soustraction avec des images",soustraction,cmf43u46z010vvj9tr8bazk9v
cmf43u477011bvj9tmpagztmo,"Nombres jusqu'à 5","Nombres jusqu'à 5",soustraction,cmf43u46z010vvj9tr8bazk9v
cmf43u478011dvj9tgj62ivwa,"Nombres jusqu'à 10","Nombres jusqu'à 10",soustraction,cmf43u46z010vvj9tr8bazk9v
cmf43u479011fvj9tev34h9z7,"Jeux de soustraction","Jeux de soustraction",soustraction,cmf43u46z010vvj9tr8bazk9v
cmf43u47b011jvj9tguk9q1uk,"Stratégies de calcul","Stratégies de calcul",soustraction,cmf43u46z010vvj9tr8bazk9v
cmf43u47c011lvj9tz8e6mh4k,"Montrer son travail","Montrer son travail",soustraction,cmf43u46z010vvj9tr8bazk9v
cmf43u47c011nvj9tzhl7bh9e,"Évaluation et célébration","Évaluation et célébration",soustraction,cmf43u46z010vvj9tr8bazk9v
cmf43u47d011pvj9tjmsd1zhi,"Créer nos propres problèmes","Créer nos propres problèmes",soustraction,cmf43u46z010vvj9tr8bazk9v
cmf43u47e011rvj9t4f3ekqju,"Soustraction avec des dessins","Soustraction avec des dessins",soustraction,cmf43u46z010vvj9tr8bazk9v
cmf43u47f011tvj9thptvn2my,"Enseigner à un ami","Enseigner à un ami",soustraction,cmf43u46z010vvj9tr8bazk9v
cmf43u47g011vvj9tjavfe4km,"Jeux mathématiques avancés","Jeux mathématiques avancés",soustraction,cmf43u46z010vvj9tr8bazk9v
cmf43u47h011xvj9tswmp1dz9,"Projet mathématique","Projet mathématique",soustraction,cmf43u46z010vvj9tr8bazk9v
cmf43u47i011zvj9t0o7qnh2h,"Célébration et réflexion","Célébration et réflexion",soustraction,cmf43u46z010vvj9tr8bazk9v
cmf43u47k0123vj9t8dmqu97e,"Découvrir le calcul mental avec nos doigts","Découvrir le calcul mental avec nos doigts","strategies calcul",cmf43u47j0121vj9tf7qvug77
cmf43u47l0125vj9tii7vpfyw,"Compter à partir d'un nombre","Compter à partir d'un nombre","strategies calcul",cmf43u47j0121vj9tf7qvug77
cmf43u47m0127vj9t5yehprun,"Mes premiers doubles magiques","Mes premiers doubles magiques","strategies calcul",cmf43u47j0121vj9tf7qvug77
cmf43u47m0129vj9t6o34c2ck,"Doubles plus un","Doubles plus un","strategies calcul",cmf43u47j0121vj9tf7qvug77
cmf43u47n012bvj9t2jnv9t0j,"La famille du 10 magique","La famille du 10 magique","strategies calcul",cmf43u47j0121vj9tf7qvug77
cmf43u47o012dvj9trumc50up,"Utiliser 10 pour additionner","Utiliser 10 pour additionner","strategies calcul",cmf43u47j0121vj9tf7qvug77
cmf43u47p012fvj9trvdow4rf,"Compter par bonds de 2","Compter par bonds de 2","strategies calcul",cmf43u47j0121vj9tf7qvug77
cmf43u47q012hvj9tym87aloc,"Stratégies pour la soustraction","Stratégies pour la soustraction","strategies calcul",cmf43u47j0121vj9tf7qvug77
cmf43u47r012jvj9tomgi1chx,"Choisir la meilleure stratégie","Choisir la meilleure stratégie","strategies calcul",cmf43u47j0121vj9tf7qvug77
cmf43u47t012lvj9ta4cf8y1b,"Doubles jusqu'à 10+10","Doubles jusqu'à 10+10","strategies calcul",cmf43u47j0121vj9tf7qvug77
cmf43u47u012nvj9th6qzl0um,"Presque doubles avancés","Presque doubles avancés","strategies calcul",cmf43u47j0121vj9tf7qvug77
cmf43u47v012pvj9tip8yvrv1,"Faire 10 avec des nombres plus grands","Faire 10 avec des nombres plus grands","strategies calcul",cmf43u47j0121vj9tf7qvug77
cmf43u47v012rvj9tx0xuwjit,"Compter par bonds de 5 et 10","Compter par bonds de 5 et 10","strategies calcul",cmf43u47j0121vj9tf7qvug77
cmf43u47w012tvj9tpmemnylm,"Stratégies de regroupement","Stratégies de regroupement","strategies calcul",cmf43u47j0121vj9tf7qvug77
cmf43u47x012vvj9tssq23b0q,"Calcul mental rapide - défis amusants","Calcul mental rapide - défis amusants","strategies calcul",cmf43u47j0121vj9tf7qvug77
cmf43u47y012xvj9tem6as745,"Résolution de problèmes avec le calcul mental","Résolution de problèmes avec le calcul mental","strategies calcul",cmf43u47j0121vj9tf7qvug77
cmf43u47z012zvj9t1asnbrfi,"Enseigner nos stratégies","Enseigner nos stratégies","strategies calcul",cmf43u47j0121vj9tf7qvug77
cmf43u4800131vj9twag1yw3d,"Estimation avec le calcul mental","Estimation avec le calcul mental","strategies calcul",cmf43u47j0121vj9tf7qvug77
cmf43u4810133vj9ta55p1jtn,"Portfolio de stratégies personnelles","Portfolio de stratégies personnelles","strategies calcul",cmf43u47j0121vj9tf7qvug77
cmf43u4810135vj9tf6k5y2pt,"Célébration des mathématiciens en herbe","Célébration des mathématiciens en herbe","strategies calcul",cmf43u47j0121vj9tf7qvug77
cmf43u3tn0083vj9tq5ngzi30,"Outils d'artiste professionnel","Outils d'artiste professionnel","techniques artistiques avancees",cmf43u3tm0081vj9t236523o9
cmf43u3tn0085vj9tob6pvvug,"Mélange des médiums","Mélange des médiums","techniques artistiques avancees",cmf43u3tm0081vj9t236523o9
cmf43u3to0087vj9t358pupf2,"Techniques de peinture avancées","Techniques de peinture avancées","techniques artistiques avancees",cmf43u3tm0081vj9t236523o9
cmf43u3tp0089vj9tia7ebuv6,"Sculpture et modelage","Sculpture et modelage","techniques artistiques avancees",cmf43u3tm0081vj9t236523o9
cmf43u3tq008bvj9tr5o5z5ny,"Gravure et impression","Gravure et impression","techniques artistiques avancees",cmf43u3tm0081vj9t236523o9
cmf43u3tr008dvj9t2doqxzmg,"Collage sophistiqué","Collage sophistiqué","techniques artistiques avancees",cmf43u3tm0081vj9t236523o9
cmf43u3ts008fvj9tqgabtz6u,"Art textile","Art textile","techniques artistiques avancees",cmf43u3tm0081vj9t236523o9
cmf43u3tt008hvj9tmk4gsd59,"Techniques mixtes","Techniques mixtes","techniques artistiques avancees",cmf43u3tm0081vj9t236523o9
cmf43u3tu008jvj9t4bgksgsd,"Style personnel avancé","Style personnel avancé","techniques artistiques avancees",cmf43u3tm0081vj9t236523o9
cmf43u3tv008lvj9ts8zq8z0n,"Art conceptuel","Art conceptuel","techniques artistiques avancees",cmf43u3tm0081vj9t236523o9
cmf43u3tw008nvj9tu2bx9vyf,"Critique d'art","Critique d'art","techniques artistiques avancees",cmf43u3tm0081vj9t236523o9
cmf43u3tx008pvj9taiw7f7wv,"Processus créatif","Processus créatif","techniques artistiques avancees",cmf43u3tm0081vj9t236523o9
cmf43u3tx008rvj9tsm4jkoit,"Collaboration artistique avancée","Collaboration artistique avancée","techniques artistiques avancees",cmf43u3tm0081vj9t236523o9
cmf43u3tz008vvj9t6j09fwnl,"Maîtrise technique","Maîtrise technique","techniques artistiques avancees",cmf43u3tm0081vj9t236523o9
cmf43u3u1008zvj9tnxws7z6a,"Découverte tactile: Qu'est-ce qu'une texture?","Découverte tactile: Qu'est-ce qu'une texture?","textures materiaux",cmf43u3u0008xvj9tsg5gcs5s
cmf43u3u20091vj9t0az6dp9o,"Chasse aux textures dans notre environnement","Chasse aux textures dans notre environnement","textures materiaux",cmf43u3u0008xvj9tsg5gcs5s
cmf43u3u30093vj9thccr82y4,"Premiers frottages: Technique de base","Premiers frottages: Technique de base","textures materiaux",cmf43u3u0008xvj9tsg5gcs5s
cmf43u3u30095vj9t3oobil1s,"Frottages créatifs: Exploration avancée","Frottages créatifs: Exploration avancée","textures materiaux",cmf43u3u0008xvj9tsg5gcs5s
cmf43u3u40097vj9tm3fa4l3p,"Matériaux naturels: Découverte et collection","Matériaux naturels: Découverte et collection","textures materiaux",cmf43u3u0008xvj9tsg5gcs5s
cmf43u3u50099vj9thhcu0i3d,"Art avec la nature: Créations éphémères","Art avec la nature: Créations éphémères","textures materiaux",cmf43u3u0008xvj9tsg5gcs5s
cmf43u3u6009bvj9tfw7rokbe,"Introduction au collage: Techniques de base","Introduction au collage: Techniques de base","textures materiaux",cmf43u3u0008xvj9tsg5gcs5s
cmf43u3u7009dvj9t47i2r4vx,"Collage texturé: Intégration des matériaux","Collage texturé: Intégration des matériaux","textures materiaux",cmf43u3u0008xvj9tsg5gcs5s
cmf43u3u8009fvj9tmsn07e00,"Palette de textures: Organisation et présentation","Palette de textures: Organisation et présentation","textures materiaux",cmf43u3u0008xvj9tsg5gcs5s
cmf43u3u8009hvj9t011tl6ol,"Projet personnel: Planification","Projet personnel: Planification","textures materiaux",cmf43u3u0008xvj9tsg5gcs5s
cmf43u3u9009jvj9tkud2uxm0,"Projet personnel: Création (Partie 1)","Projet personnel: Création (Partie 1)","textures materiaux",cmf43u3u0008xvj9tsg5gcs5s
cmf43u3ua009lvj9tqha2xwrs,"Projet personnel: Création (Partie 2)","Projet personnel: Création (Partie 2)","textures materiaux",cmf43u3u0008xvj9tsg5gcs5s
cmf43u3ub009nvj9tsvkc7y85,"Présentation et partage","Présentation et partage","textures materiaux",cmf43u3u0008xvj9tsg5gcs5s
cmf43u3uc009pvj9t4t4mky55,"Réflexion et évaluation de l'unité","Réflexion et évaluation de l'unité","textures materiaux",cmf43u3u0008xvj9tsg5gcs5s
cmf43u3ud009rvj9tacirgdy7,"Textures et lumière: Jeux d'ombres","Textures et lumière: Jeux d'ombres","textures materiaux",cmf43u3u0008xvj9tsg5gcs5s
cmf43u3ud009tvj9tp2mhybei,"Textures comestibles: Art culinaire tactile","Textures comestibles: Art culinaire tactile","textures materiaux",cmf43u3u0008xvj9tsg5gcs5s
cmf43u3ue009vvj9tcpf6pcd1,"Textures numériques: Art et technologie","Textures numériques: Art et technologie","textures materiaux",cmf43u3u0008xvj9tsg5gcs5s
cmf43u3uf009xvj9tx3rsr4to,"Textures musicales: Sons et sensations","Textures musicales: Sons et sensations","textures materiaux",cmf43u3u0008xvj9tsg5gcs5s
cmf43u3ug009zvj9tuvmtsr3p,"Textures en mouvement: Danse tactile","Textures en mouvement: Danse tactile","textures materiaux",cmf43u3u0008xvj9tsg5gcs5s
cmf43u3ug00a1vj9ttgn5vo4p,"Célébration des textures: Exposition finale","Célébration des textures: Exposition finale","textures materiaux",cmf43u3u0008xvj9tsg5gcs5s
